-1.340,-2.867,3.347,181.885,-95.703,-67.932
0.277,-1.359,-1.335,-30.396,88.806,-87.708
-0.578,-1.588,0.490,52.307,-86.304,-49.133
-0.696,-0.916,0.049,70.618,-93.506,-14.771
-0.670,-0.164,-0.279,43.823,-62.439,22.156
-0.702,-0.878,-0.057,22.095,-2.625,35.828
-0.311,-1.114,-0.032,-13.367,17.151,12.756
-0.151,-1.225,0.294,-21.545,13.916,3.845
0.014,-1.098,0.276,-12.573,1.343,1.160
-0.046,-1.062,0.185,7.690,-2.686,-6.958
-0.092,-0.979,0.153,15.930,0.977,-12.512
-0.112,-0.959,-0.020,9.949,9.644,-16.602
-0.131,-0.956,-0.102,1.221,9.583,-18.616
-0.137,-0.962,-0.147,-5.493,3.662,-17.395
-0.142,-0.963,-0.171,-9.583,-4.089,-12.695
-0.153,-0.971,-0.163,-11.230,-11.292,-7.446
-0.159,-0.979,-0.110,-11.230,-18.250,-3.418
-0.176,-1.010,-0.040,-9.033,-21.606,-1.343
-0.183,-1.027,0.017,-3.113,-20.386,0.061
-0.184,-1.026,0.058,1.404,-13.611,0.183
-0.176,-1.020,0.056,6.042,-3.967,-0.793
-0.170,-1.022,0.028,11.475,2.441,-2.319
-0.169,-1.005,0.008,14.893,6.836,-3.418
-0.173,-0.998,-0.011,15.076,9.705,-4.700
-0.174,-0.985,-0.027,13.489,10.803,-5.676
-0.172,-0.969,-0.046,10.376,10.376,-5.676
-0.178,-0.962,-0.055,7.019,8.301,-5.005
-0.186,-0.956,-0.051,5.005,6.104,-4.150
-0.194,-0.956,-0.052,3.601,5.127,-3.662
-0.195,-0.948,-0.040,1.526,4.944,-3.296
-0.199,-0.943,-0.024,-0.427,4.700,-2.930
-0.205,-0.935,-0.005,-1.587,4.272,-2.563
-0.205,-0.929,0.003,-2.014,4.456,-1.953
-0.205,-0.927,0.001,-2.014,4.517,-1.404
-0.199,-0.929,-0.011,-2.136,4.089,-0.183
-0.195,-0.937,-0.021,-2.380,3.662,1.221
-0.191,-0.955,-0.034,-2.502,3.723,2.869
-0.187,-0.978,-0.044,-2.747,3.967,4.028
-0.187,-0.991,-0.036,-2.869,4.517,5.188
-0.184,-1.000,-0.024,-2.991,4.883,5.493
-0.185,-1.003,-0.005,-3.113,5.005,5.371
-0.187,-1.010,0.002,-2.441,4.944,4.761
-0.190,-1.019,0.002,-1.282,4.395,3.723
-0.190,-1.023,-0.004,-0.061,3.662,2.563
-0.192,-1.022,-0.024,0.244,2.441,1.343
-0.197,-1.026,-0.036,-0.244,1.160,0.183
-0.192,-1.013,-0.043,-1.038,0.061,-0.488
-0.194,-1.009,-0.046,-1.587,-0.427,-0.854
-0.191,-1.000,-0.037,-2.380,-0.732,-0.671
-0.192,-0.992,-0.029,-3.418,-0.732,-0.183
-0.188,-0.986,-0.029,-3.967,-0.427,0.244
-0.190,-0.984,-0.024,-3.784,-0.671,0.854
-0.197,-0.988,-0.014,-3.540,-0.854,1.465
-0.200,-0.991,-0.009,-3.357,-0.671,1.831
-0.203,-1.000,-0.015,-3.540,-0.122,1.648
-0.200,-1.000,-0.017,-4.944,0.916,1.160
-0.199,-1.000,-0.021,-5.981,1.587,0.427
-0.197,-0.997,-0.028,-6.287,2.014,0.122
-0.194,-0.995,-0.031,-5.859,2.014,0.427
-0.191,-0.991,-0.026,-5.493,1.648,0.854
-0.190,-0.989,-0.019,-4.944,1.099,1.038
-0.190,-0.991,-0.024,-4.578,0.793,1.404
-0.187,-0.988,-0.024,-4.272,0.488,1.709
-0.186,-0.987,-0.018,-3.784,-0.122,1.831
-0.188,-0.993,-0.016,-2.747,-0.366,2.075
-0.188,-0.999,-0.018,-1.831,0.183,2.197
-0.190,-1.000,-0.013,-1.465,0.671,1.892
-0.191,-1.004,-0.011,-0.916,1.221,1.526
-0.188,-1.007,-0.006,0.061,1.587,1.160
-0.187,-1.010,-0.005,0.977,1.587,0.793
-0.186,-1.011,-0.009,1.282,1.648,0.305
-0.186,-1.008,-0.012,1.282,1.282,-0.061
-0.184,-1.005,-0.017,0.916,1.160,-0.488
-0.184,-1.001,-0.019,0.305,1.160,-0.610
-0.191,-0.996,-0.016,0.488,0.793,-0.366
-0.192,-0.994,-0.016,0.854,0.610,-0.061
-0.193,-0.999,-0.015,0.793,0.488,0.488
-0.193,-1.001,-0.007,0.427,0.244,0.977
-0.193,-1.004,-0.004,0.122,-0.061,0.977
-0.192,-1.002,-0.002,-0.244,-0.488,1.038
-0.193,-1.003,-0.002,-0.488,-0.610,0.732
-0.193,-1.000,-0.004,-0.427,-0.549,0.427
-0.190,-1.000,-0.008,-0.244,0.000,0.366
-0.187,-0.999,-0.007,-0.549,0.366,0.366
-0.185,-0.997,-0.003,-0.122,0.427,0.366
-0.182,-0.998,-0.005,0.427,0.427,0.671
-0.182,-1.001,-0.009,0.916,0.244,1.038
-0.181,-1.001,-0.014,1.099,-0.061,1.099
-0.184,-1.001,-0.020,0.671,-0.122,1.221
-0.184,-1.002,-0.024,-0.061,-0.122,1.038
-0.187,-1.001,-0.023,-0.061,-0.244,0.854
-0.188,-1.001,-0.024,0.183,-0.305,0.732
-0.189,-1.001,-0.020,0.610,-0.122,0.610
-0.186,-1.002,-0.014,0.916,-0.122,0.549
-0.187,-1.003,-0.006,1.038,-0.366,0.610
-0.187,-1.002,-0.010,0.732,0.061,0.305
-0.185,-1.001,-0.018,0.000,0.488,-0.061
-0.184,-1.001,-0.026,-0.427,0.488,-0.061
-0.183,-1.000,-0.034,0.122,0.244,0.305
-0.183,-1.001,-0.036,0.916,0.061,0.732
-0.184,-1.003,-0.033,1.282,0.183,0.854
-0.184,-1.004,-0.027,0.977,0.305,0.793
-0.186,-1.005,-0.018,0.793,0.610,0.488
-0.186,-1.006,-0.013,0.732,0.916,0.366
-0.184,-1.006,-0.010,0.610,0.977,0.244
-0.184,-1.008,-0.008,0.488,0.916,0.122
-0.187,-1.006,-0.010,0.122,0.732,-0.061
-0.185,-1.002,-0.012,-0.305,0.671,-0.244
-0.188,-0.999,-0.014,-1.038,0.244,-0.366
-0.189,-0.995,-0.012,-1.465,-0.305,-0.610
-0.191,-0.993,-0.015,-1.282,-0.488,-0.366
-0.192,-0.995,-0.014,-1.099,-0.793,0.000
-0.192,-1.000,-0.011,-0.854,-0.854,0.427
-0.190,-1.001,-0.009,-0.549,-0.854,0.610
-0.188,-1.004,-0.011,-0.305,-0.793,0.549
-0.184,-1.002,-0.013,-0.732,-0.549,0.366
-0.181,-1.001,-0.015,-1.038,-0.549,0.122
-0.180,-1.001,-0.014,-0.977,-0.366,-0.061
-0.179,-0.987,-0.025,-0.916,-0.061,-0.244
#
0.056,-1.650,-4.000,56.396,378.418,-52.063
0.744,-1.520,-0.618,181.702,57.495,-138.306
-0.229,-1.097,0.772,3.052,-145.264,-81.116
-0.543,-0.468,0.089,51.331,-46.082,-12.146
-1.391,-0.484,-0.184,65.430,27.466,48.462
-0.625,-0.995,-0.419,8.240,10.010,39.856
-0.166,-0.949,-0.104,-36.621,-18.494,21.484
0.055,-0.990,-0.114,-36.560,-15.381,0.366
0.042,-1.132,-0.054,-23.132,0.549,-26.184
-0.099,-1.045,0.079,-9.949,8.728,-27.832
-0.108,-0.881,0.027,-7.874,16.907,-18.066
-0.106,-0.920,-0.039,-4.028,19.409,-12.085
-0.131,-1.028,-0.045,-2.014,16.907,-9.460
-0.156,-1.044,-0.156,-5.310,16.479,-3.845
-0.167,-1.024,-0.214,-9.277,14.404,1.526
-0.159,-1.037,-0.244,-12.451,10.010,4.883
-0.149,-1.036,-0.229,-13.245,3.296,7.019
-0.151,-1.058,-0.160,-9.827,-6.165,7.446
-0.147,-1.032,-0.057,-5.310,-12.146,6.714
-0.171,-1.064,0.016,3.540,-13.733,4.272
-0.170,-1.058,0.040,11.230,-11.292,1.526
-0.159,-1.064,-0.005,11.108,-8.240,-1.953
-0.150,-1.048,-0.024,10.193,-7.141,-4.211
-0.150,-1.022,-0.053,9.033,-7.080,-5.798
-0.150,-0.992,-0.088,7.996,-6.897,-6.714
-0.152,-0.970,-0.104,6.836,-6.409,-6.714
-0.149,-0.956,-0.115,5.432,-5.554,-6.165
-0.150,-0.952,-0.112,5.310,-4.517,-5.798
-0.155,-0.954,-0.096,5.676,-3.784,-5.249
-0.162,-0.953,-0.078,5.615,-2.869,-4.700
-0.167,-0.949,-0.068,4.700,-1.587,-4.089
-0.171,-0.952,-0.063,3.235,-0.671,-3.235
-0.173,-0.954,-0.063,1.953,0.061,-1.831
-0.173,-0.963,-0.067,0.366,0.610,0.000
-0.173,-0.968,-0.080,-1.160,0.671,1.892
-0.174,-0.990,-0.097,-2.197,-0.366,3.296
-0.174,-0.999,-0.100,-3.052,-1.038,4.333
-0.170,-1.006,-0.117,-4.089,-0.977,5.127
-0.165,-1.016,-0.117,-3.601,-1.892,4.944
-0.167,-1.018,-0.100,-1.953,-2.747,4.639
-0.170,-1.016,-0.090,-0.732,-2.563,3.479
-0.169,-1.011,-0.078,-0.183,-2.136,1.953
-0.170,-1.003,-0.076,0.305,-1.831,0.305
-0.166,-0.999,-0.082,0.549,-1.526,-0.610
-0.173,-0.997,-0.093,0.671,-1.404,-1.099
-0.172,-0.993,-0.087,0.671,-2.014,-1.221
-0.178,-0.993,-0.090,0.671,-2.380,-0.793
-0.175,-0.994,-0.104,-0.183,-2.136,-0.916
-0.172,-0.990,-0.108,-0.793,-2.258,-0.610
-0.169,-0.990,-0.116,-1.099,-2.319,-0.061
-0.168,-0.993,-0.117,-1.160,-2.197,0.488
-0.172,-0.999,-0.109,-0.793,-2.380,0.854
-0.171,-1.001,-0.104,-0.793,-2.502,1.282
-0.169,-1.000,-0.100,-0.916,-2.319,1.404
-0.167,-1.000,-0.094,-0.916,-2.197,1.221
-0.165,-1.000,-0.098,-0.793,-2.136,0.854
-0.162,-1.002,-0.099,-0.549,-1.892,0.854
-0.163,-1.011,-0.091,-0.671,-1.709,0.671
-0.160,-1.010,-0.107,-1.282,-1.160,0.305
-0.160,-1.014,-0.108,-1.343,-1.038,0.061
-0.159,-1.014,-0.112,-1.343,-1.038,-0.366
-0.158,-1.012,-0.109,-1.221,-1.221,-0.916
-0.157,-1.005,-0.106,-0.732,-1.709,-1.221
-0.159,-1.004,-0.107,0.000,-2.197,-1.160
-0.166,-1.004,-0.100,0.305,-2.380,-1.282
-0.170,-1.000,-0.098,-0.183,-2.197,-1.343
-0.170,-0.998,-0.096,-0.549,-1.587,-1.404
-0.170,-0.997,-0.095,-1.038,-0.854,-1.282
-0.173,-0.997,-0.093,-0.977,-0.061,-1.160
-0.176,-0.997,-0.094,-0.671,0.305,-0.854
-0.175,-1.000,-0.098,-0.305,0.549,-0.977
-0.171,-0.997,-0.100,-0.366,0.732,-1.221
-0.169,-0.995,-0.102,-0.122,0.671,-1.160
-0.167,-0.995,-0.101,0.366,0.488,-1.160
-0.168,-0.994,-0.099,0.854,0.549,-0.854
-0.168,-0.996,-0.096,1.282,0.427,-0.793
-0.168,-0.999,-0.092,1.770,0.427,-0.671
-0.170,-0.999,-0.086,1.709,0.244,-0.549
-0.170,-1.000,-0.085,1.648,0.305,-0.366
-0.171,-1.001,-0.091,1.465,0.610,-0.244
-0.170,-1.000,-0.097,1.282,0.610,-0.183
-0.170,-1.001,-0.099,1.160,0.488,-0.244
-0.170,-1.004,-0.102,0.916,0.366,-0.305
-0.173,-1.006,-0.104,0.305,0.549,-0.305
-0.171,-1.008,-0.106,-0.122,0.366,-0.305
-0.172,-1.010,-0.103,-0.366,0.244,-0.427
-0.172,-1.008,-0.098,-0.610,0.000,-0.732
-0.173,-1.002,-0.093,-0.793,-0.183,-0.977
-0.172,-1.001,-0.095,-0.610,-0.183,-1.038
-0.168,-0.999,-0.098,-0.488,0.183,-1.221
-0.166,-1.000,-0.100,-0.427,0.427,-1.282
-0.164,-1.000,-0.099,-0.366,0.671,-1.282
-0.165,-1.000,-0.099,-0.183,0.977,-1.221
-0.163,-1.000,-0.104,-0.488,1.160,-1.343
-0.164,-1.000,-0.107,-0.732,0.977,-1.343
-0.165,-1.001,-0.110,-0.610,0.732,-1.160
-0.168,-1.000,-0.109,-0.427,0.549,-0.793
-0.167,-0.997,-0.102,-0.427,0.122,-0.610
-0.169,-0.997,-0.094,-0.183,-0.610,-0.305
-0.171,-0.997,-0.088,-0.549,-0.916,-0.061
-0.173,-0.998,-0.085,-0.977,-1.038,0.122
-0.176,-0.997,-0.085,-1.465,-1.099,0.122
-0.176,-0.999,-0.089,-1.648,-0.916,0.244
-0.171,-1.000,-0.094,-1.404,-0.488,0.244
-0.169,-1.001,-0.100,-0.977,-0.305,0.305
-0.170,-1.001,-0.106,-0.549,-0.183,0.183
-0.168,-1.005,-0.112,-0.244,-0.183,0.000
-0.167,-1.003,-0.111,-0.366,-0.183,-0.244
-0.165,-1.001,-0.107,-0.427,-0.549,-0.244
-0.164,-1.000,-0.104,-0.244,-0.793,-0.244
-0.166,-1.000,-0.104,-0.366,-0.854,0.122
-0.169,-1.001,-0.098,-0.549,-1.038,0.366
-0.173,-1.000,-0.097,-0.916,-0.854,0.305
-0.176,-0.996,-0.094,-1.282,-0.732,0.183
-0.176,-0.993,-0.093,-1.343,-0.488,-0.061
-0.173,-0.993,-0.093,-1.221,-0.305,0.061
-0.170,-0.995,-0.096,-0.977,-0.122,0.427
-0.171,-1.000,-0.097,-1.160,-0.061,0.793
-0.172,-1.003,-0.101,-1.526,0.244,0.793
#
2.784,-1.856,-1.406,-46.875,44.983,-96.191
-0.302,-1.646,0.547,-29.602,-32.288,-111.023
-0.720,-0.575,0.640,77.271,-97.778,-11.963
-1.440,-0.278,0.035,36.621,-45.288,53.589
-0.830,-1.005,-0.974,-15.686,5.493,29.724
-0.208,-1.055,0.001,-75.806,-8.362,-6.042
0.166,-1.097,0.074,-84.595,-32.898,-23.621
0.166,-0.842,0.024,-21.484,-24.902,-23.132
0.044,-0.784,-0.037,20.386,-19.165,-20.691
-0.106,-0.790,-0.016,29.297,-17.212,-15.320
-0.188,-0.952,-0.037,23.560,-9.705,-9.583
-0.189,-1.038,-0.141,16.174,-4.578,-6.409
-0.204,-1.078,-0.203,6.836,-6.165,-4.395
-0.221,-1.073,-0.156,-4.211,-11.536,-1.343
-0.205,-1.043,-0.154,-13.184,-13.489,3.357
-0.184,-1.048,-0.156,-13.794,-14.465,6.592
-0.186,-1.059,-0.043,-7.324,-19.470,8.728
-0.198,-1.091,0.069,-1.831,-18.616,8.667
-0.200,-1.108,0.045,-0.854,-7.507,6.409
-0.203,-1.101,0.010,2.380,0.427,3.845
-0.193,-1.088,-0.023,4.761,5.798,0.427
-0.178,-1.045,-0.069,3.723,9.277,-2.747
-0.168,-1.013,-0.110,3.174,11.292,-4.944
-0.162,-0.985,-0.134,3.967,11.292,-6.042
-0.159,-0.959,-0.158,4.761,9.644,-5.249
-0.163,-0.948,-0.165,5.493,7.324,-4.028
-0.165,-0.941,-0.150,5.981,5.188,-2.930
-0.167,-0.940,-0.129,6.042,3.845,-2.380
-0.170,-0.940,-0.109,4.822,3.296,-1.831
-0.176,-0.944,-0.087,3.662,2.808,-1.038
-0.185,-0.945,-0.083,2.686,2.014,-0.183
-0.193,-0.950,-0.082,2.075,0.732,1.038
-0.192,-0.953,-0.092,0.916,-0.183,2.563
-0.190,-0.962,-0.101,-0.732,-1.160,3.906
-0.185,-0.975,-0.105,-2.747,-2.014,5.493
-0.183,-0.996,-0.102,-4.517,-2.625,6.470
-0.184,-1.004,-0.099,-5.615,-2.808,7.080
-0.183,-1.014,-0.099,-5.981,-2.136,6.836
-0.183,-1.019,-0.097,-4.883,-1.038,6.042
-0.180,-1.017,-0.092,-3.052,0.488,5.188
-0.180,-1.021,-0.090,-1.099,2.258,3.784
-0.177,-1.014,-0.087,0.305,4.211,2.686
-0.178,-1.012,-0.096,1.404,5.371,2.014
-0.182,-1.005,-0.099,1.587,5.249,0.793
-0.182,-1.000,-0.105,1.038,4.089,0.427
-0.183,-0.998,-0.115,0.427,3.296,0.122
-0.182,-0.992,-0.107,0.000,2.014,-0.122
-0.178,-0.989,-0.113,-0.916,1.404,0.122
-0.175,-0.991,-0.121,-1.648,0.854,0.549
-0.172,-0.993,-0.118,-1.892,0.183,0.732
-0.171,-0.993,-0.112,-2.197,-0.061,0.977
-0.171,-0.996,-0.103,-2.747,-0.122,1.160
-0.173,-0.997,-0.096,-3.662,0.061,1.221
-0.174,-1.000,-0.097,-4.333,0.305,1.465
-0.172,-1.001,-0.099,-4.456,0.061,1.709
-0.174,-1.004,-0.102,-4.272,-0.488,1.465
-0.174,-1.006,-0.105,-4.272,-0.610,1.343
-0.175,-1.004,-0.102,-4.150,-0.427,1.221
-0.175,-1.005,-0.098,-3.967,-0.122,1.038
-0.175,-1.007,-0.092,-3.296,0.000,0.610
-0.175,-1.006,-0.088,-2.869,0.122,0.366
-0.176,-1.004,-0.086,-2.502,0.366,0.061
-0.174,-1.002,-0.088,-2.075,0.793,-0.183
-0.171,-1.001,-0.091,-1.770,0.977,-0.488
-0.169,-1.001,-0.096,-1.221,1.038,-0.610
-0.167,-1.002,-0.098,-0.916,1.160,-0.916
-0.168,-1.005,-0.096,-0.977,1.099,-1.099
-0.165,-1.001,-0.095,-1.343,0.916,-1.221
-0.163,-1.001,-0.096,-1.526,0.488,-1.160
-0.166,-0.999,-0.095,-1.343,0.061,-1.160
-0.170,-0.996,-0.087,-0.977,-0.427,-1.221
-0.175,-0.990,-0.083,-0.732,-0.488,-0.916
-0.179,-0.985,-0.087,-0.549,-0.244,-0.427
-0.179,-0.983,-0.089,-0.549,0.122,0.000
-0.183,-0.986,-0.086,-0.305,0.183,0.366
-0.182,-0.996,-0.086,0.183,0.671,0.732
-0.178,-1.001,-0.090,0.122,0.793,0.793
-0.180,-1.005,-0.089,-0.305,0.671,0.793
-0.180,-1.010,-0.088,-0.854,0.244,0.244
-0.178,-1.011,-0.081,-1.099,0.122,-0.183
-0.179,-1.008,-0.077,-1.404,0.244,-0.549
-0.177,-1.010,-0.076,-1.282,0.427,-0.488
-0.176,-1.008,-0.078,-0.916,0.183,-0.488
-0.175,-1.008,-0.082,-0.305,0.366,-0.732
-0.173,-1.009,-0.088,-0.183,0.488,-1.038
-0.172,-1.008,-0.098,-0.366,0.732,-1.343
-0.172,-1.005,-0.103,-0.305,0.610,-1.526
-0.172,-1.002,-0.109,-0.244,-0.061,-1.709
-0.172,-0.998,-0.107,-0.488,-0.732,-1.465
-0.178,-0.992,-0.101,-0.732,-1.404,-1.221
-0.180,-0.990,-0.091,-0.916,-1.465,-0.916
-0.181,-0.991,-0.082,-1.282,-1.099,-0.610
-0.182,-0.992,-0.074,-1.404,-0.854,-0.488
-0.181,-0.990,-0.071,-1.526,-0.427,-0.549
-0.181,-0.996,-0.077,-1.831,0.000,-0.549
-0.180,-0.999,-0.084,-1.892,0.549,-0.488
-0.177,-0.999,-0.095,-2.380,0.916,-0.488
-0.175,-0.998,-0.105,-2.747,0.854,-0.488
-0.174,-1.000,-0.108,-2.808,0.671,-0.183
-0.173,-1.000,-0.103,-2.808,0.366,-0.122
-0.175,-1.002,-0.094,-2.258,0.183,-0.183
-0.176,-1.003,-0.086,-1.953,0.305,0.000
-0.177,-1.004,-0.081,-1.831,0.366,-0.061
-0.180,-1.001,-0.076,-1.892,0.427,-0.549
-0.178,-0.999,-0.075,-2.075,0.793,-0.854
-0.176,-0.993,-0.079,-1.770,0.916,-0.977
-0.176,-0.993,-0.082,-0.916,0.793,-0.793
-0.179,-0.996,-0.083,-0.061,0.854,-0.366
-0.178,-0.995,-0.087,-0.061,0.854,0.061
-0.175,-0.995,-0.092,-0.305,0.183,0.244
-0.175,-0.996,-0.095,-0.488,-0.183,0.427
-0.176,-0.996,-0.094,-0.610,-0.366,0.610
-0.176,-1.000,-0.087,-0.671,-0.671,0.549
-0.177,-0.998,-0.073,-1.160,-0.916,0.549
-0.180,-0.998,-0.071,-1.709,-0.488,0.732
-0.177,-0.999,-0.076,-2.014,-0.061,0.671
-0.175,-1.001,-0.081,-1.587,-0.244,0.549
-0.174,-1.001,-0.086,-1.282,-0.061,0.549
-0.173,-1.002,-0.091,-0.916,0.305,0.488
#
2.102,-2.556,-1.017,70.923,175.964,-123.352
-0.083,-1.492,-0.843,-72.693,94.727,-106.812
-0.371,-0.601,0.284,96.680,-67.932,-31.555
-1.349,-0.113,-0.276,18.921,-45.471,30.823
-0.933,-0.701,-0.530,-54.749,-18.921,8.301
-0.421,-1.414,-0.040,-67.993,-12.451,-28.992
0.002,-1.055,-0.074,-30.518,-17.029,-14.832
0.081,-0.924,-0.027,5.554,-16.357,-14.526
-0.059,-0.864,0.145,17.395,-21.912,-20.142
-0.160,-0.899,0.216,13.977,-18.616,-18.738
-0.185,-0.965,0.123,10.437,-6.836,-17.456
-0.172,-1.011,0.045,5.310,3.418,-13.916
-0.206,-1.037,-0.182,-4.944,10.864,-7.996
-0.221,-1.024,-0.299,-13.184,8.057,-2.197
-0.234,-1.027,-0.248,-13.550,-3.357,4.211
-0.239,-1.052,-0.147,-9.827,-12.634,8.972
-0.235,-1.058,-0.085,-6.104,-15.869,12.390
-0.239,-1.063,-0.030,-0.610,-17.273,13.123
-0.240,-1.070,0.031,6.348,-17.639,11.536
-0.237,-1.061,0.073,11.780,-14.832,8.667
-0.227,-1.102,0.044,12.939,-5.798,4.700
-0.207,-1.049,-0.023,7.935,8.118,0.854
-0.203,-1.014,-0.085,5.798,11.353,-1.404
-0.205,-0.985,-0.101,4.822,9.705,-2.625
-0.203,-0.953,-0.123,4.211,8.484,-2.747
-0.201,-0.950,-0.129,4.761,7.019,-2.319
-0.203,-0.937,-0.125,5.920,4.700,-1.648
-0.201,-0.944,-0.105,6.714,3.052,-1.038
-0.208,-0.939,-0.089,6.226,2.075,-0.427
-0.205,-0.943,-0.079,4.883,1.343,-0.061
-0.203,-0.946,-0.069,3.113,0.366,0.977
-0.208,-0.945,-0.070,1.587,-0.610,2.075
-0.216,-0.952,-0.068,0.183,-1.953,3.357
-0.217,-0.959,-0.075,-1.160,-2.625,4.700
-0.217,-0.976,-0.078,-2.258,-2.991,5.554
-0.217,-0.990,-0.075,-2.930,-2.747,6.287
-0.216,-0.996,-0.077,-3.235,-1.770,6.470
-0.213,-1.003,-0.076,-3.418,-0.732,6.409
-0.211,-1.008,-0.071,-3.296,0.305,5.554
-0.214,-1.010,-0.066,-3.540,1.526,4.211
-0.216,-1.010,-0.066,-3.662,3.052,2.563
-0.216,-1.016,-0.058,-3.296,4.028,1.221
-0.220,-1.021,-0.047,-2.747,4.395,0.366
-0.218,-0.994,-0.062,-2.136,4.517,0.793
-0.213,-1.003,-0.066,-2.502,3.357,-0.305
-0.211,-0.999,-0.069,-3.357,1.770,-0.488
-0.206,-0.998,-0.080,-3.479,0.793,-0.549
-0.203,-0.994,-0.087,-3.174,-0.549,-0.427
-0.200,-0.991,-0.088,-3.418,-1.465,0.000
-0.199,-0.988,-0.083,-3.845,-2.014,0.427
-0.200,-0.982,-0.077,-4.456,-2.502,0.610
-0.202,-0.980,-0.076,-4.822,-2.747,0.854
-0.207,-0.981,-0.070,-4.822,-2.747,1.099
-0.209,-0.979,-0.062,-4.639,-2.502,1.160
-0.213,-0.987,-0.059,-4.639,-1.648,1.343
-0.213,-0.991,-0.056,-4.700,-1.160,1.282
-0.209,-0.997,-0.055,-4.517,-1.221,1.099
-0.207,-1.000,-0.055,-3.906,-1.587,1.038
-0.203,-1.001,-0.058,-3.052,-1.709,0.916
-0.201,-1.003,-0.066,-2.136,-1.465,0.671
-0.202,-1.007,-0.067,-1.343,-1.343,0.427
-0.203,-1.008,-0.063,-0.610,-1.099,0.183
-0.204,-1.005,-0.060,-0.549,-0.732,0.000
-0.204,-1.001,-0.061,-0.671,-0.610,-0.427
-0.204,-0.998,-0.070,-0.610,-0.610,-0.793
-0.203,-0.993,-0.074,-0.427,-0.671,-0.916
-0.205,-0.992,-0.073,-0.305,-0.793,-0.916
-0.207,-0.992,-0.070,-0.305,-0.793,-0.488
-0.206,-0.993,-0.062,0.122,-1.038,-0.366
-0.208,-0.996,-0.058,0.488,-1.404,-0.305
-0.209,-0.998,-0.057,0.549,-1.526,-0.366
-0.209,-0.996,-0.061,0.488,-1.404,-0.366
-0.209,-0.997,-0.062,0.061,-1.160,-0.183
-0.208,-0.992,-0.062,-0.305,-0.793,-0.061
-0.207,-0.991,-0.063,-0.549,-0.366,0.000
-0.207,-0.993,-0.067,-0.549,0.061,-0.061
-0.204,-0.995,-0.073,-0.977,0.000,0.000
-0.205,-0.997,-0.069,-1.343,-0.244,-0.122
-0.207,-1.000,-0.067,-1.465,-0.305,0.122
-0.208,-1.000,-0.069,-1.465,-0.366,0.305
-0.210,-0.998,-0.066,-1.099,-0.916,0.366
-0.211,-0.995,-0.063,-0.854,-0.854,0.122
-0.207,-0.999,-0.059,-0.488,-0.854,0.122
-0.206,-0.999,-0.055,-0.305,-0.671,-0.061
-0.205,-1.000,-0.053,-0.061,-0.671,-0.122
-0.205,-0.998,-0.059,0.000,-0.610,-0.183
-0.205,-0.999,-0.064,0.000,-0.610,-0.122
-0.205,-0.998,-0.065,0.732,-0.793,-0.305
-0.205,-0.997,-0.067,0.977,-0.793,-0.061
-0.206,-0.993,-0.066,0.732,-0.732,-0.061
-0.206,-0.994,-0.069,0.427,-0.793,-0.061
-0.208,-0.994,-0.069,-0.061,-1.038,0.183
-0.208,-0.991,-0.068,-0.793,-1.221,0.061
-0.209,-0.993,-0.061,-1.404,-1.221,0.061
-0.213,-0.997,-0.057,-1.648,-0.977,0.061
-0.212,-1.000,-0.053,-2.014,-0.061,0.061
-0.210,-1.003,-0.056,-1.770,0.549,0.000
-0.207,-1.005,-0.056,-1.221,0.977,-0.061
-0.204,-1.006,-0.056,-0.732,0.916,-0.366
-0.203,-1.007,-0.057,-0.549,0.305,-0.671
-0.208,-1.003,-0.065,-0.610,-0.427,-0.671
-0.209,-0.999,-0.070,-1.038,-0.977,-0.732
-0.207,-0.995,-0.074,-1.099,-1.099,-0.671
-0.208,-0.991,-0.076,-0.793,-1.160,-0.549
-0.208,-0.990,-0.076,-0.366,-1.099,-0.305
-0.206,-0.988,-0.075,-0.244,-1.099,-0.183
-0.203,-0.985,-0.071,-0.427,-1.221,-0.061
-0.202,-0.989,-0.065,-0.793,-1.221,-0.122
-0.203,-0.990,-0.060,-1.282,-1.038,0.122
-0.203,-0.989,-0.054,-1.953,-0.732,0.122
-0.203,-0.992,-0.052,-2.747,-0.305,0.122
-0.203,-0.990,-0.052,-3.296,0.061,0.427
-0.208,-0.997,-0.058,-4.028,0.366,0.671
-0.206,-0.997,-0.059,-2.625,0.366,0.732
-0.205,-0.999,-0.057,-1.343,0.183,0.793
-0.204,-0.998,-0.065,-1.465,0.000,0.854
-0.204,-1.000,-0.068,-1.587,-0.549,0.732
-0.207,-1.000,-0.065,-1.282,-1.038,0.488
-0.208,-1.001,-0.060,-1.221,-1.343,0.244
#
0.221,-2.144,0.898,63.049,174.988,-60.791
0.605,-2.199,-1.406,-37.537,138.000,-109.070
0.047,-1.048,-0.690,-21.912,65.674,-52.063
-0.529,-0.749,0.143,43.823,-35.156,-6.775
-0.992,-0.412,-0.200,-23.743,-28.381,13.794
-0.539,-0.987,-0.343,-40.344,-21.118,-5.310
-0.237,-1.118,-0.089,-26.917,-24.963,-10.376
-0.053,-0.990,-0.132,-16.296,-26.306,-1.343
-0.066,-0.917,-0.054,-6.470,-27.954,-2.014
-0.101,-0.916,0.066,4.333,-29.907,-5.432
-0.132,-0.937,0.083,7.935,-22.827,-5.798
-0.147,-0.943,0.057,5.493,-13.184,-4.578
-0.168,-1.010,0.081,1.465,-8.240,-4.089
-0.194,-1.009,0.094,-6.775,-3.357,-0.854
-0.183,-0.992,-0.088,-14.709,4.211,4.211
-0.180,-1.006,-0.211,-15.564,2.991,5.798
-0.181,-1.033,-0.177,-10.925,-7.568,6.165
-0.190,-1.045,-0.078,-5.371,-16.235,5.676
-0.188,-1.069,-0.014,-0.183,-17.639,4.761
-0.172,-1.048,0.034,3.601,-13.794,3.784
-0.181,-1.049,0.056,9.827,-7.507,1.587
-0.176,-1.042,0.043,13.062,-2.014,-1.099
-0.168,-1.027,-0.001,10.681,3.113,-3.052
-0.168,-1.008,0.009,8.850,6.348,-4.333
-0.165,-0.986,-0.067,5.981,9.033,-5.432
-0.163,-0.966,-0.087,5.554,7.141,-4.944
-0.163,-0.954,-0.089,5.798,4.456,-3.967
-0.167,-0.954,-0.084,5.188,2.136,-3.174
-0.177,-0.949,-0.071,4.517,0.366,-2.380
-0.191,-0.956,-0.049,3.662,-0.549,-1.160
-0.200,-0.958,-0.042,1.831,-0.488,0.183
-0.200,-0.965,-0.054,-0.793,0.305,1.099
-0.200,-0.984,-0.068,-3.662,0.610,1.343
-0.198,-1.003,-0.062,-5.432,-0.122,2.014
-0.200,-1.022,-0.043,-6.470,0.183,2.991
-0.194,-1.040,-0.008,-6.958,2.625,4.700
-0.173,-1.015,-0.106,-7.568,6.104,5.859
-0.178,-1.031,-0.053,-5.371,3.052,4.517
-0.181,-1.033,-0.025,-4.028,1.099,3.235
-0.179,-1.033,-0.024,-4.028,2.258,1.892
-0.179,-1.026,-0.032,-3.723,3.418,0.427
-0.177,-1.016,-0.051,-3.296,3.845,-0.977
-0.184,-1.017,-0.063,-2.747,3.784,-2.136
-0.185,-1.003,-0.067,-1.953,2.625,-2.441
-0.190,-0.996,-0.064,-1.038,1.404,-2.075
-0.191,-0.993,-0.058,-0.061,0.305,-1.953
-0.188,-0.982,-0.049,0.122,-0.854,-1.282
-0.187,-0.980,-0.044,-0.122,-1.709,-0.549
-0.183,-0.981,-0.042,-0.610,-2.319,-0.061
-0.180,-0.985,-0.042,-1.343,-2.930,0.000
-0.180,-0.990,-0.040,-1.648,-3.174,0.122
-0.176,-0.993,-0.044,-2.014,-3.174,0.061
-0.176,-0.993,-0.053,-2.197,-2.991,0.061
-0.175,-0.999,-0.063,-2.441,-3.052,0.183
-0.170,-1.004,-0.063,-2.441,-3.174,-0.305
-0.170,-1.002,-0.068,-2.014,-2.747,-0.366
-0.171,-1.005,-0.071,-1.587,-2.136,0.061
-0.173,-1.008,-0.063,-1.282,-1.770,0.122
-0.177,-1.006,-0.056,-1.587,-1.465,0.000
-0.180,-1.002,-0.048,-1.831,-1.099,-0.061
-0.179,-1.001,-0.044,-1.709,-0.854,-0.305
-0.179,-1.000,-0.045,-1.099,-0.610,-0.244
-0.176,-0.994,-0.048,-0.305,-0.427,-0.427
-0.177,-0.996,-0.044,0.488,-0.610,-0.732
-0.178,-0.995,-0.041,1.099,-0.732,-0.610
-0.180,-0.997,-0.045,1.343,-0.488,-0.183
-0.180,-1.000,-0.049,1.282,-0.488,-0.061
-0.182,-1.000,-0.056,0.916,-0.610,-0.061
-0.180,-1.003,-0.065,0.671,-0.610,-0.061
-0.179,-1.006,-0.073,0.549,-0.977,0.000
-0.178,-1.007,-0.075,0.061,-1.099,-0.183
-0.177,-1.003,-0.072,-0.427,-1.404,-0.427
-0.178,-1.000,-0.058,-0.488,-1.526,-0.366
-0.182,-0.998,-0.046,-0.488,-1.343,-0.061
-0.180,-0.999,-0.042,-0.305,-0.610,0.244
-0.181,-1.005,-0.036,-0.061,0.244,0.183
-0.184,-1.002,-0.030,0.061,0.854,0.366
-0.182,-1.005,-0.035,0.183,1.343,0.244
-0.181,-1.008,-0.041,0.671,1.282,0.000
-0.181,-1.008,-0.049,0.916,0.854,-0.305
-0.182,-1.008,-0.055,1.221,0.122,-0.488
-0.183,-1.007,-0.057,1.343,-0.488,-0.427
-0.183,-1.005,-0.057,1.404,-0.793,-0.305
-0.184,-1.003,-0.055,1.160,-0.916,-0.305
-0.186,-1.001,-0.048,0.732,-1.160,-0.427
-0.186,-1.003,-0.044,0.427,-1.038,-0.732
-0.186,-1.002,-0.042,0.000,-1.099,-0.732
-0.184,-1.001,-0.044,-0.244,-0.916,-0.977
-0.181,-1.000,-0.049,-0.610,-0.610,-1.099
-0.181,-0.998,-0.050,-0.916,-0.549,-1.282
-0.179,-0.994,-0.053,-0.671,-0.610,-1.404
-0.177,-0.993,-0.054,-0.305,-0.732,-1.282
-0.175,-0.997,-0.057,-0.366,-0.916,-0.977
-0.177,-0.995,-0.055,-0.305,-0.793,-1.099
-0.177,-1.001,-0.053,-0.244,-0.854,-1.038
-0.182,-1.000,-0.055,-0.122,-0.732,-0.732
-0.182,-1.001,-0.054,-0.366,-0.610,-0.366
-0.183,-1.000,-0.051,-0.732,-0.610,-0.122
-0.186,-1.002,-0.047,-0.732,-0.427,-0.122
-0.188,-1.000,-0.048,-0.977,0.122,-0.183
-0.189,-1.001,-0.048,-1.099,0.427,-0.122
-0.184,-1.004,-0.050,-0.854,0.671,-0.549
-0.182,-1.000,-0.054,-1.160,0.671,-0.427
-0.178,-1.001,-0.056,-1.648,0.122,-0.610
-0.177,-1.002,-0.056,-2.075,-0.610,-0.916
-0.177,-1.005,-0.058,-2.197,-1.038,-0.610
-0.180,-1.004,-0.059,-2.197,-1.038,-0.061
-0.182,-1.001,-0.052,-1.770,-0.671,0.061
-0.183,-1.001,-0.048,-1.465,-0.061,-0.183
-0.184,-0.999,-0.042,-1.282,0.549,-0.366
-0.185,-0.997,-0.040,-1.038,1.099,-0.549
-0.185,-0.995,-0.046,-1.038,1.221,-0.610
-0.183,-0.995,-0.052,-1.465,1.099,-0.244
-0.185,-0.999,-0.057,-1.892,0.671,0.122
-0.185,-1.002,-0.050,-1.892,-0.427,0.244
-0.186,-1.002,-0.049,-2.075,-0.854,0.610
-0.186,-1.002,-0.045,-2.441,-0.793,0.549
-0.187,-1.005,-0.041,-2.258,-0.610,0.305
-0.183,-1.002,-0.047,-1.953,0.122,0.122
#
0.929,-2.577,-1.944,145.264,407.288,-96.924
-0.320,-1.335,0.586,-172.485,-19.043,-73.853
-0.182,-0.879,0.790,72.510,-127.502,-27.771
-1.482,-0.756,-0.485,97.412,-3.113,45.715
-1.137,-0.788,-0.629,23.987,41.748,63.110
-0.319,-0.840,-0.601,-91.064,9.277,2.502
0.070,-0.781,-0.152,-141.907,-25.574,-44.312
0.058,-1.455,0.306,-73.059,-51.086,-72.571
-0.082,-0.956,0.546,5.981,-47.607,-42.419
-0.152,-0.753,0.380,21.851,-20.447,-16.602
-0.159,-0.874,0.072,5.859,6.165,-12.390
-0.207,-1.047,-0.135,-12.329,20.630,-12.939
-0.251,-1.080,-0.212,-23.621,20.813,-9.460
-0.259,-1.047,-0.230,-27.527,12.817,-4.211
-0.251,-1.002,-0.209,-25.696,5.249,1.343
-0.243,-1.016,-0.149,-19.531,-0.793,5.615
-0.230,-1.097,-0.096,-10.803,-8.240,7.263
-0.230,-1.081,-0.010,-4.822,-15.259,8.179
-0.238,-1.055,0.097,6.592,-19.104,6.897
-0.233,-1.059,0.124,11.841,-16.418,3.845
-0.217,-1.039,0.075,11.230,-8.545,0.916
-0.193,-0.996,0.018,10.193,-2.075,-0.732
-0.189,-0.970,-0.019,10.559,1.892,-2.380
-0.196,-0.952,-0.058,10.437,4.272,-2.808
-0.200,-0.933,-0.079,9.888,4.150,-2.502
-0.203,-0.932,-0.072,9.949,2.258,-2.197
-0.203,-0.941,-0.057,9.094,0.793,-2.441
-0.204,-0.942,-0.051,7.446,-0.061,-2.197
-0.208,-0.939,-0.043,5.737,-1.038,-1.282
-0.215,-0.941,-0.032,3.845,-2.197,-0.427
-0.224,-0.949,-0.020,1.953,-2.930,0.244
-0.237,-0.960,-0.023,-0.122,-2.380,1.221
-0.239,-0.980,-0.046,-2.197,-1.221,2.319
-0.237,-0.995,-0.062,-3.418,-0.977,3.418
-0.238,-1.003,-0.060,-3.601,-1.587,4.395
-0.240,-1.014,-0.049,-3.906,-2.258,4.517
-0.237,-1.016,-0.049,-3.784,-2.319,4.395
-0.228,-1.022,-0.043,-2.502,-2.380,3.845
-0.223,-1.021,-0.036,-0.854,-2.014,3.479
-0.229,-1.031,-0.034,0.854,-1.099,3.113
-0.231,-1.024,-0.026,2.441,-0.244,2.808
-0.233,-1.011,-0.017,4.211,0.427,2.319
-0.233,-1.016,-0.024,4.150,1.343,1.038
-0.230,-1.007,-0.037,3.113,2.014,0.122
-0.229,-1.000,-0.058,1.892,1.770,-0.305
-0.232,-0.994,-0.079,0.793,0.061,-1.099
-0.225,-0.993,-0.080,0.183,-2.075,-1.709
-0.225,-0.988,-0.068,0.000,-4.272,-1.343
-0.218,-0.991,-0.075,-0.305,-4.395,-0.977
-0.212,-0.984,-0.074,-0.122,-4.456,0.061
-0.215,-0.986,-0.054,0.610,-4.883,0.977
-0.215,-0.989,-0.040,0.244,-4.578,1.282
-0.219,-0.985,-0.035,-0.854,-3.662,1.526
-0.218,-0.989,-0.037,-2.441,-2.625,1.099
-0.216,-0.986,-0.045,-4.028,-1.648,0.732
-0.216,-0.986,-0.052,-4.761,-1.526,0.305
-0.215,-0.983,-0.057,-4.517,-1.831,-0.183
-0.211,-0.990,-0.061,-3.906,-1.709,-0.427
-0.209,-0.994,-0.062,-3.113,-1.953,-0.427
-0.210,-0.993,-0.052,-2.319,-2.136,-0.488
-0.213,-0.990,-0.046,-2.136,-2.380,-0.610
-0.214,-0.987,-0.048,-2.136,-2.502,-0.610
-0.215,-0.978,-0.046,-2.014,-2.686,-0.549
-0.217,-0.974,-0.045,-1.648,-2.563,-0.183
-0.215,-0.975,-0.042,-0.732,-2.014,0.000
-0.219,-0.984,-0.034,0.122,-1.526,0.244
-0.221,-0.991,-0.028,0.793,-1.343,0.610
-0.222,-1.001,-0.028,1.404,-1.404,0.671
-0.221,-1.004,-0.040,1.099,-1.465,0.549
-0.219,-1.006,-0.055,0.610,-1.709,0.549
-0.219,-1.001,-0.063,0.244,-2.136,0.427
-0.218,-0.998,-0.061,0.244,-2.625,0.061
-0.220,-0.993,-0.051,0.854,-2.869,-0.061
-0.222,-0.995,-0.043,1.709,-2.502,-0.305
-0.222,-0.990,-0.037,2.319,-1.892,-0.366
-0.223,-0.992,-0.037,2.380,-1.404,-0.427
-0.221,-0.990,-0.038,2.075,-0.977,-0.488
-0.220,-0.986,-0.042,1.770,-0.793,-0.610
-0.219,-0.984,-0.045,0.793,-0.610,-0.488
-0.220,-0.986,-0.047,0.305,-0.977,-0.366
-0.221,-0.988,-0.043,0.000,-1.404,-0.305
-0.224,-0.994,-0.044,-0.427,-1.770,-0.061
-0.223,-0.998,-0.055,-0.916,-2.380,0.061
-0.219,-1.001,-0.060,-1.099,-3.052,0.000
-0.218,-1.006,-0.062,-0.793,-3.723,-0.061
-0.219,-1.007,-0.059,-0.305,-4.517,-0.183
-0.219,-1.010,-0.057,-0.122,-4.761,-0.244
-0.220,-1.011,-0.060,-0.244,-4.150,-0.671
-0.221,-1.002,-0.060,-0.610,-2.930,-1.099
-0.220,-0.998,-0.064,-0.916,-1.587,-1.343
-0.221,-0.989,-0.062,-0.854,-0.732,-1.465
-0.219,-0.989,-0.059,-0.610,-0.244,-1.404
-0.220,-0.984,-0.059,-0.488,0.061,-1.160
-0.223,-0.983,-0.054,-0.488,-0.244,-0.488
-0.223,-0.984,-0.046,-0.183,-0.610,-0.061
-0.225,-0.988,-0.044,-0.305,-0.549,0.366
-0.227,-0.993,-0.047,-0.488,-0.366,0.610
-0.226,-0.997,-0.053,-1.038,-0.305,0.366
-0.224,-1.001,-0.062,-1.465,-0.183,0.305
-0.221,-1.001,-0.068,-1.648,0.183,0.244
-0.217,-1.002,-0.067,-1.709,0.305,0.000
-0.215,-1.003,-0.061,-1.648,0.244,0.061
-0.214,-1.001,-0.052,-1.526,-0.061,0.061
-0.215,-0.995,-0.042,-1.709,-0.610,0.000
-0.215,-0.988,-0.041,-2.136,-0.366,-0.183
-0.216,-0.981,-0.045,-2.136,-0.183,-0.305
-0.217,-0.981,-0.046,-1.404,0.183,-0.488
-0.216,-0.988,-0.047,-0.183,0.610,-0.305
-0.216,-0.991,-0.050,0.122,1.038,0.000
-0.216,-0.991,-0.054,-0.244,1.038,0.061
-0.218,-0.993,-0.058,-0.488,0.916,0.366
-0.219,-0.995,-0.064,-0.549,0.488,0.854
-0.223,-0.994,-0.060,-0.427,-0.366,1.160
-0.224,-0.992,-0.046,-0.549,-0.977,1.221
-0.228,-0.995,-0.035,-1.038,-1.160,0.977
-0.227,-0.996,-0.036,-1.770,-0.549,0.610
-0.223,-0.999,-0.040,-2.625,-0.122,0.305
-0.222,-1.001,-0.043,-3.174,-0.122,0.000
-0.223,-1.001,-0.044,-3.113,-0.061,-0.122
#
0.844,-1.402,1.243,-113.098,133.850,-63.110
-0.043,-0.825,-0.879,-124.268,102.295,-49.927
-0.713,-1.308,0.013,13.489,-10.071,-2.441
-1.084,-0.426,-0.128,7.141,-53.772,62.500
-0.648,-0.419,-0.396,-50.598,-33.691,46.875
-0.188,-1.237,-0.248,-61.401,-23.193,-18.555
-0.026,-1.198,-0.284,-53.040,-20.813,-33.569
0.009,-0.823,-0.036,-28.870,-33.386,-20.386
-0.086,-0.792,0.190,-11.230,-41.443,-20.874
-0.117,-0.907,0.255,-4.517,-30.823,-21.423
-0.171,-1.000,0.270,0.244,-14.038,-15.747
-0.210,-1.049,0.173,-5.493,2.441,-9.277
-0.229,-1.041,-0.016,-22.400,14.160,-4.456
-0.229,-1.001,-0.149,-34.851,14.709,-0.732
-0.228,-1.014,-0.162,-33.997,5.920,0.916
-0.227,-1.034,-0.081,-23.132,-5.249,3.174
-0.225,-1.065,0.003,-12.268,-12.024,5.371
-0.228,-1.084,0.050,-4.578,-13.611,5.798
-0.227,-1.094,0.075,3.113,-11.902,5.432
-0.216,-1.088,0.099,9.399,-8.667,3.967
-0.189,-1.066,0.088,12.756,-3.967,1.465
-0.172,-1.032,0.026,12.329,1.038,-0.183
-0.167,-0.997,-0.014,11.658,2.563,-1.038
-0.172,-1.004,-0.005,12.695,3.174,-0.977
-0.178,-0.978,-0.057,9.033,6.958,0.061
-0.181,-0.970,-0.072,9.155,5.493,0.671
-0.182,-0.956,-0.060,8.667,2.625,0.610
-0.185,-0.943,-0.034,7.324,0.549,0.793
-0.195,-0.946,-0.033,7.202,-0.061,0.977
-0.203,-0.958,-0.038,6.653,-1.038,1.343
-0.210,-0.968,-0.041,5.249,-2.319,2.380
-0.210,-0.979,-0.036,2.502,-3.113,3.723
-0.205,-0.977,-0.062,-1.221,-2.869,5.005
-0.213,-0.995,-0.071,-4.333,-3.296,6.104
-0.215,-1.006,-0.048,-5.676,-4.578,5.859
-0.206,-1.024,-0.047,-6.592,-4.150,6.165
-0.203,-1.022,-0.020,-6.165,-3.906,5.859
-0.195,-1.038,-0.016,-4.333,-5.554,5.310
-0.205,-1.029,-0.003,-3.174,-4.822,3.357
-0.204,-1.021,-0.003,-3.540,-0.793,0.732
-0.198,-1.012,-0.016,-2.258,1.648,-1.465
-0.195,-1.001,-0.026,-2.869,2.686,-2.747
-0.197,-1.000,-0.047,-2.747,2.380,-3.052
-0.195,-1.000,-0.044,-1.526,1.038,-2.930
-0.198,-0.997,-0.038,-0.549,-0.732,-2.136
-0.192,-0.994,-0.038,0.061,-1.282,-1.465
-0.190,-0.991,-0.037,0.122,-2.197,-0.793
-0.188,-0.979,-0.032,0.183,-3.418,0.305
-0.188,-0.974,-0.025,-0.061,-4.211,1.038
-0.193,-0.971,-0.018,-0.244,-4.517,1.465
-0.196,-0.970,-0.016,-1.160,-4.333,1.831
-0.193,-0.971,-0.012,-2.319,-4.150,1.892
-0.192,-0.974,-0.015,-3.662,-3.357,1.831
-0.188,-0.981,-0.024,-4.456,-2.686,1.831
-0.184,-0.993,-0.026,-4.578,-2.686,1.831
-0.185,-1.000,-0.026,-4.822,-3.540,1.892
-0.185,-1.009,-0.028,-4.761,-4.517,1.953
-0.187,-1.009,-0.027,-5.005,-4.456,1.770
-0.190,-1.006,-0.018,-4.822,-4.272,1.526
-0.190,-1.001,-0.006,-3.845,-4.211,1.404
-0.193,-0.999,0.004,-2.808,-3.845,1.160
-0.196,-0.996,0.007,-1.709,-3.357,1.099
-0.195,-0.998,0.009,-0.977,-2.319,0.610
-0.195,-1.000,0.006,-0.427,-1.648,0.183
-0.197,-1.000,-0.003,-0.305,-1.221,-0.305
-0.195,-1.002,-0.010,-0.183,-0.732,-0.671
-0.195,-1.005,-0.019,0.183,-0.427,-0.488
-0.194,-1.005,-0.029,0.427,-0.488,-0.244
-0.194,-1.006,-0.029,0.916,-0.671,0.000
-0.195,-1.007,-0.028,1.465,-0.549,0.244
-0.193,-1.004,-0.029,1.709,-0.183,0.366
-0.194,-1.002,-0.025,1.770,0.183,0.122
-0.196,-1.001,-0.020,1.709,0.000,-0.183
-0.195,-0.997,-0.014,1.404,-0.549,-0.549
-0.195,-0.998,-0.011,0.732,-0.610,-0.793
-0.198,-0.995,-0.016,0.061,-0.183,-0.732
-0.196,-0.996,-0.016,-0.122,-0.244,-0.793
-0.196,-1.001,-0.015,-0.244,-0.122,-0.671
-0.193,-1.005,-0.022,-0.427,0.122,-0.427
-0.191,-1.003,-0.027,-0.183,-0.122,-0.549
-0.192,-1.008,-0.027,0.366,-0.183,-0.549
-0.192,-1.009,-0.026,0.977,-0.549,-0.366
-0.193,-1.007,-0.027,0.977,-0.671,-0.122
-0.194,-1.003,-0.023,0.977,-0.793,0.000
-0.197,-1.001,-0.017,1.160,-0.671,0.000
-0.197,-0.997,-0.012,1.221,-0.549,-0.061
-0.195,-0.997,-0.010,1.160,-0.244,-0.122
-0.194,-0.997,-0.013,0.977,-0.122,-0.366
-0.194,-0.997,-0.021,0.549,-0.122,-0.793
-0.192,-0.995,-0.030,0.000,-0.244,-1.038
-0.190,-0.995,-0.032,-0.122,-0.549,-1.404
-0.188,-0.995,-0.034,0.122,-0.854,-1.404
-0.187,-0.992,-0.031,0.244,-0.793,-1.038
-0.186,-0.993,-0.025,0.122,-0.854,-0.793
-0.187,-0.995,-0.018,0.000,-1.099,-0.305
-0.190,-0.995,-0.012,0.061,-0.854,0.061
-0.192,-0.996,-0.010,-0.122,-0.732,0.061
-0.195,-0.997,-0.011,-0.122,-0.366,0.000
-0.195,-0.999,-0.010,-0.244,-0.183,0.122
-0.195,-1.001,-0.015,-0.610,0.061,0.183
-0.195,-1.006,-0.019,-0.916,0.244,0.183
-0.197,-1.012,-0.018,-1.282,0.427,0.061
-0.198,-1.001,-0.034,-1.709,0.366,0.305
-0.199,-1.002,-0.024,-1.526,-0.244,-0.061
-0.199,-1.002,-0.016,-0.793,-0.854,0.122
-0.197,-0.999,-0.016,-0.793,-1.038,0.366
-0.197,-0.999,-0.006,-0.977,-1.099,0.366
-0.195,-1.000,-0.013,-1.160,-0.793,0.122
-0.189,-1.001,-0.025,-1.404,-0.427,-0.244
-0.191,-1.004,-0.025,-1.160,-0.122,-0.671
-0.187,-1.004,-0.036,-1.099,0.183,-0.610
-0.188,-1.001,-0.040,-1.221,0.183,-0.671
-0.189,-1.001,-0.027,-1.465,-0.305,-0.977
-0.191,-1.001,-0.018,-1.831,-0.549,-0.977
-0.192,-0.996,-0.017,-1.953,-0.366,-0.854
-0.194,-0.995,-0.016,-1.831,-0.244,-0.488
-0.194,-0.998,-0.009,-1.709,-0.122,-0.366
-0.195,-0.997,-0.006,-1.465,0.183,-0.122
-0.195,-0.998,-0.013,-0.977,0.671,-0.183
#
1.181,-2.928,0.466,217.896,191.345,-86.670
0.167,-0.512,-1.345,-134.827,153.137,-21.545
-0.297,-1.218,-0.592,-20.752,18.127,0.549
-1.223,-0.640,0.084,29.785,-37.170,49.255
-0.734,-0.482,-0.164,-50.964,-15.991,41.016
-0.202,-0.865,-0.364,-59.082,-7.263,-9.338
-0.016,-1.121,-0.062,-21.362,-23.499,-34.485
-0.023,-0.868,0.172,-9.216,-34.851,-27.161
-0.069,-0.795,0.130,-13.855,-28.564,-20.325
-0.103,-0.882,0.101,-11.108,-19.104,-18.188
-0.144,-0.977,0.093,-6.348,-11.169,-14.343
-0.174,-1.027,0.048,-8.240,-5.005,-8.301
-0.196,-1.043,0.005,-14.893,-1.953,-3.662
-0.202,-1.039,-0.023,-19.592,-1.221,-0.427
-0.204,-1.024,-0.078,-18.738,-1.099,2.380
-0.195,-1.034,-0.077,-13.672,-4.150,3.479
-0.192,-1.036,-0.006,-5.981,-8.728,4.150
-0.200,-1.047,0.088,3.174,-10.254,4.517
-0.204,-1.063,0.124,9.888,-5.554,4.089
-0.194,-1.064,0.073,11.230,1.892,2.625
-0.180,-1.047,0.006,9.583,6.104,0.549
-0.175,-1.016,-0.023,8.545,5.737,-0.916
-0.177,-0.991,-0.046,9.155,3.723,-1.160
-0.178,-0.969,-0.064,9.766,1.709,-0.549
-0.184,-0.953,-0.059,9.277,0.122,-0.061
-0.184,-0.951,-0.043,9.460,-1.465,0.244
-0.187,-0.946,-0.020,8.545,-2.747,0.488
-0.194,-0.952,-0.009,5.737,-3.052,1.526
-0.202,-0.968,-0.012,2.441,-3.235,2.563
-0.212,-0.988,-0.015,-0.061,-4.272,3.357
-0.217,-1.002,-0.024,-2.563,-4.822,3.967
-0.222,-1.018,-0.031,-4.700,-5.432,4.272
-0.221,-1.029,-0.035,-6.348,-6.287,4.089
-0.214,-1.025,-0.022,-6.653,-6.348,4.150
-0.209,-1.029,-0.013,-6.165,-5.676,3.601
-0.203,-1.032,-0.005,-5.676,-4.578,2.869
-0.202,-1.036,-0.004,-4.761,-2.930,1.892
-0.189,-1.030,-0.003,-2.869,-1.404,1.282
-0.199,-1.044,0.008,0.244,1.404,1.099
-0.193,-1.035,0.001,-3.052,5.737,0.183
-0.189,-1.025,-0.034,-3.235,5.371,-1.526
-0.192,-1.016,-0.024,-2.808,3.784,-2.502
-0.199,-0.998,-0.026,-2.441,2.075,-2.441
-0.196,-0.988,-0.025,-1.587,1.282,-2.319
-0.201,-0.984,-0.018,-0.793,0.061,-1.831
-0.199,-0.980,-0.009,0.122,-0.793,-1.282
-0.196,-0.979,-0.001,0.366,-1.404,-0.793
-0.194,-0.976,-0.008,-0.122,-1.465,-0.122
-0.189,-0.974,-0.012,-0.610,-1.404,0.488
-0.187,-0.980,-0.007,-0.977,-1.892,0.610
-0.187,-0.991,-0.006,-2.014,-2.258,0.549
-0.186,-1.000,-0.012,-3.113,-2.197,0.305
-0.185,-1.006,-0.024,-4.028,-2.014,-0.061
-0.184,-1.006,-0.031,-4.395,-2.014,-0.427
-0.181,-1.003,-0.034,-4.456,-1.953,-1.038
-0.182,-0.997,-0.031,-4.517,-2.258,-1.282
-0.181,-0.996,-0.026,-4.333,-2.197,-1.099
-0.188,-0.997,-0.013,-3.540,-2.563,-0.549
-0.193,-0.999,0.001,-2.686,-2.747,-0.366
-0.197,-1.000,0.008,-2.258,-2.380,-0.427
-0.198,-0.999,0.007,-2.075,-2.136,-0.854
-0.190,-0.999,-0.000,-1.953,-1.892,-1.404
-0.193,-0.998,-0.009,-1.465,-1.465,-1.404
-0.193,-0.992,-0.015,-0.549,-1.526,-1.221
-0.195,-0.993,-0.017,0.366,-1.526,-0.793
-0.196,-0.999,-0.020,0.916,-1.343,-0.305
-0.198,-1.000,-0.019,1.343,-1.099,0.183
-0.200,-1.002,-0.019,1.404,-0.610,0.427
-0.200,-1.003,-0.018,1.282,-0.488,0.488
-0.200,-1.006,-0.013,0.977,-0.427,0.366
-0.198,-1.007,-0.010,0.610,-0.549,0.183
-0.197,-1.005,-0.006,0.122,-0.854,-0.244
-0.196,-1.002,-0.007,-0.610,-1.160,-0.488
-0.196,-1.002,-0.007,-0.916,-1.282,-0.977
-0.196,-1.002,-0.012,-0.793,-1.282,-1.221
-0.195,-0.999,-0.012,-0.488,-1.587,-1.160
-0.195,-0.996,-0.013,0.122,-1.587,-1.038
-0.196,-0.995,-0.012,0.305,-1.282,-1.038
-0.196,-0.996,-0.014,0.488,-0.854,-0.977
-0.197,-0.997,-0.011,0.671,-0.549,-0.916
-0.197,-1.000,-0.013,0.671,-0.427,-0.671
-0.194,-1.001,-0.014,0.610,-0.488,-0.671
-0.193,-1.001,-0.014,0.488,-0.732,-0.366
-0.190,-1.006,-0.009,0.305,-1.160,-0.122
-0.191,-1.006,-0.007,0.122,-1.221,-0.061
-0.192,-1.001,-0.009,-0.122,-0.916,-0.122
-0.191,-1.001,-0.009,0.122,-0.671,-0.061
-0.191,-1.001,-0.008,0.549,-0.854,-0.305
-0.193,-1.001,-0.011,0.427,-0.732,-0.549
-0.195,-0.999,-0.015,-0.122,-0.549,-0.916
-0.194,-0.999,-0.021,-0.793,-0.793,-1.282
-0.194,-0.993,-0.021,-1.221,-1.038,-1.709
-0.196,-0.989,-0.017,-1.465,-1.221,-1.648
-0.197,-0.983,-0.011,-1.587,-1.160,-1.038
-0.196,-0.988,-0.009,-1.831,-1.282,-0.610
-0.199,-0.996,-0.000,-1.526,-1.282,-0.061
-0.201,-0.997,0.001,-1.038,-0.610,0.549
-0.203,-1.001,0.004,-0.732,-0.183,0.610
-0.202,-1.005,0.004,-0.305,0.183,0.671
-0.197,-1.007,-0.005,-0.610,0.793,0.183
-0.195,-1.009,-0.012,-0.671,0.977,-0.366
-0.192,-1.008,-0.021,-0.854,0.549,-0.671
-0.190,-1.006,-0.031,-1.099,0.061,-0.854
-0.191,-1.004,-0.032,-1.099,-0.671,-0.854
-0.195,-1.000,-0.029,-1.221,-1.282,-0.793
-0.201,-0.998,-0.019,-1.465,-1.648,-0.549
-0.203,-0.994,-0.009,-1.221,-1.404,-0.305
-0.200,-0.992,-0.004,-1.221,-0.610,-0.061
-0.199,-0.993,0.003,-0.671,0.122,0.061
-0.197,-1.001,0.001,-0.305,0.610,0.366
-0.196,-1.006,-0.003,-0.366,1.038,0.610
-0.195,-1.008,-0.010,-0.488,1.099,0.671
-0.192,-1.009,-0.014,-0.732,0.854,0.061
-0.191,-1.003,-0.016,-0.977,0.671,-0.305
-0.192,-1.000,-0.012,-1.160,0.244,-0.488
-0.193,-0.998,-0.009,-1.160,-0.061,-0.854
-0.195,-0.992,-0.002,-1.587,-0.671,-1.282
-0.196,-0.985,-0.004,-1.953,-1.038,-1.465
-0.196,-0.981,-0.010,-2.014,-1.038,-1.160
#
0.795,-2.783,0.522,269.714,178.345,-97.107
0.070,-0.233,-1.054,-190.552,144.165,-3.967
-0.335,-1.188,-0.707,-42.786,13.184,22.766
-1.335,-0.649,-0.096,2.197,-37.903,66.223
-0.705,-0.432,-0.172,-69.824,-24.353,40.222
-0.180,-1.151,-0.341,-67.200,-13.733,-24.780
-0.000,-1.158,0.198,-28.931,-26.062,-38.452
-0.006,-0.761,0.073,-19.165,-25.574,-24.109
-0.054,-0.716,0.142,-11.902,-24.292,-20.325
-0.102,-0.901,0.253,3.296,-21.912,-20.325
-0.156,-1.003,0.292,7.385,-6.287,-14.648
-0.186,-1.046,0.106,-7.385,15.076,-7.812
-0.208,-1.047,-0.145,-26.428,25.391,-4.333
-0.203,-1.039,-0.189,-33.386,17.029,-2.686
-0.215,-1.040,-0.140,-27.039,4.150,0.977
-0.228,-1.053,-0.063,-17.700,-4.211,4.700
-0.225,-1.060,0.007,-8.606,-8.545,7.141
-0.228,-1.071,0.089,1.343,-10.010,8.179
-0.233,-1.082,0.133,8.850,-7.751,7.629
-0.225,-1.083,0.122,11.414,-2.014,5.859
-0.205,-1.067,0.066,9.888,3.967,3.174
-0.188,-1.038,0.002,7.385,6.653,0.977
-0.186,-1.001,-0.031,6.653,5.066,0.549
-0.191,-0.993,-0.043,8.301,1.587,0.977
-0.197,-0.978,-0.043,10.010,-1.160,1.953
-0.202,-0.975,-0.035,10.254,-3.540,2.319
-0.203,-0.974,-0.012,8.789,-5.798,2.075
-0.203,-0.977,0.002,6.348,-6.958,1.953
-0.205,-0.964,0.012,3.906,-6.897,2.319
-0.207,-0.974,0.008,1.648,-6.592,2.563
-0.213,-0.984,-0.010,-0.793,-5.737,2.869
-0.214,-1.000,-0.016,-2.930,-5.066,3.174
-0.218,-1.012,-0.022,-4.761,-4.272,3.601
-0.223,-1.028,-0.023,-6.409,-3.845,3.845
-0.219,-1.026,-0.017,-7.019,-4.028,3.601
-0.216,-1.039,-0.013,-7.324,-4.028,2.991
-0.210,-1.029,-0.013,-7.507,-3.967,2.502
-0.207,-1.028,-0.006,-6.165,-4.028,2.014
-0.206,-1.023,0.025,-4.211,-3.418,1.038
-0.203,-1.021,0.020,-2.930,-1.099,0.061
-0.200,-1.004,0.016,-1.953,0.916,-0.549
-0.199,-0.997,0.012,-0.366,1.953,-1.526
-0.201,-0.995,-0.002,0.610,2.380,-2.441
-0.196,-0.994,-0.005,1.526,1.892,-2.380
-0.198,-0.988,-0.019,1.465,1.282,-1.770
-0.197,-0.985,-0.026,0.732,-0.061,-1.343
-0.196,-0.986,-0.027,-0.061,-1.404,-0.854
-0.198,-0.982,-0.016,-0.427,-2.563,0.000
-0.201,-0.984,-0.002,-1.038,-3.601,0.244
-0.203,-0.984,0.005,-2.563,-3.967,0.793
-0.200,-0.978,0.002,-4.395,-4.333,0.916
-0.200,-0.980,0.011,-4.822,-4.761,0.305
-0.197,-0.981,0.012,-4.822,-4.517,-0.122
-0.192,-0.986,0.002,-5.249,-3.662,-0.305
-0.189,-0.998,-0.001,-4.456,-2.991,-0.305
-0.188,-1.002,-0.005,-3.418,-2.319,0.061
-0.187,-1.019,-0.015,-2.625,-1.587,0.366
-0.190,-1.001,-0.011,-1.465,-1.465,1.038
-0.192,-1.012,0.000,-1.099,-1.709,0.977
-0.195,-1.009,0.001,-0.977,-1.892,0.366
-0.197,-0.998,0.004,-1.221,-1.953,0.427
-0.197,-0.994,0.000,-0.977,-2.075,0.122
-0.198,-0.990,0.007,-0.305,-2.380,-0.183
-0.200,-0.985,0.007,0.061,-2.075,-0.183
-0.201,-0.985,0.007,0.488,-1.831,-0.244
-0.202,-0.987,0.006,0.854,-1.526,-0.305
-0.203,-0.989,0.004,0.793,-1.465,-0.122
-0.204,-0.992,0.002,0.854,-1.709,-0.183
-0.206,-0.995,-0.000,0.671,-1.465,-0.061
-0.206,-0.998,-0.003,0.610,-1.160,0.122
-0.203,-0.998,-0.006,0.488,-1.038,0.122
-0.201,-1.000,-0.007,0.793,-1.038,0.061
-0.198,-1.001,-0.003,1.099,-0.793,0.122
-0.193,-1.004,-0.000,1.160,-0.610,0.000
-0.191,-1.003,0.000,0.916,-0.610,-0.244
-0.191,-1.001,0.001,0.610,-0.488,-0.427
-0.193,-1.002,0.000,0.488,-0.305,-0.671
-0.196,-1.000,0.001,0.488,-0.244,-0.610
-0.202,-0.999,0.005,0.427,-0.061,-0.366
-0.203,-0.999,0.009,0.366,-0.061,-0.305
-0.204,-0.998,0.005,0.122,-0.061,-0.427
-0.203,-1.001,0.001,-0.183,-0.488,-0.671
-0.203,-1.001,-0.006,-0.793,-1.099,-0.549
-0.201,-0.995,-0.008,-0.854,-1.709,-0.366
-0.197,-0.996,-0.007,-0.610,-2.197,-0.244
-0.196,-0.997,-0.004,-0.549,-1.953,0.122
-0.204,-0.997,-0.000,-0.549,-1.465,0.488
-0.196,-0.998,-0.009,-0.732,-1.221,0.488
-0.199,-1.002,0.011,-1.099,-1.587,-0.122
-0.197,-1.000,0.008,-2.014,-0.977,-0.549
-0.195,-0.999,-0.001,-2.808,-0.427,-1.160
-0.196,-0.999,-0.005,-3.113,-0.488,-1.709
-0.195,-0.996,-0.009,-2.869,-0.427,-1.892
-0.197,-0.997,-0.009,-2.197,-0.488,-1.465
-0.198,-0.986,-0.012,-1.099,-0.916,-0.854
-0.200,-0.993,-0.005,-0.427,-1.465,-0.488
-0.206,-0.993,0.000,-0.122,-1.282,0.244
-0.206,-0.996,0.002,-0.366,-0.916,0.366
-0.205,-1.000,0.006,-0.732,-0.671,0.305
-0.205,-1.001,0.008,-0.793,-0.244,0.183
-0.202,-1.002,0.007,-1.160,0.549,0.244
-0.202,-1.006,0.001,-1.465,0.549,-0.183
-0.200,-1.009,-0.005,-1.465,0.305,-0.305
-0.200,-1.008,-0.011,-1.526,-0.061,-0.427
-0.202,-1.006,-0.012,-1.282,-0.793,-0.427
-0.202,-1.005,-0.009,-1.221,-1.709,-0.366
-0.202,-1.000,-0.001,-1.099,-2.441,-0.366
-0.204,-0.998,0.005,-0.854,-2.930,-0.244
-0.205,-0.997,0.008,-0.854,-2.930,-0.061
-0.208,-0.995,0.009,-1.282,-2.502,0.000
-0.206,-0.992,0.002,-2.014,-1.709,-0.183
-0.205,-0.997,0.001,-2.014,-1.343,-0.488
-0.203,-0.995,0.001,-2.136,-0.977,-0.610
-0.202,-0.995,0.004,-1.892,-0.854,-0.427
-0.200,-0.995,0.006,-1.221,-0.610,-0.244
-0.197,-0.994,0.006,-0.854,-0.549,0.061
-0.196,-0.995,0.008,-0.488,-0.305,0.000
-0.194,-0.995,0.004,-0.244,-0.183,0.061
-0.192,-0.996,-0.000,-0.305,-0.305,-0.122
#
-0.432,-1.985,-1.417,253.784,419.922,-37.781
0.159,-1.171,-1.363,-95.947,152.832,-48.828
-0.437,-0.986,0.723,88.379,-69.397,1.892
-1.355,-0.394,-0.120,34.363,-18.921,76.477
-0.593,-0.949,-0.236,-43.945,11.414,48.584
-0.131,-1.226,-0.161,-56.335,2.747,-3.357
0.104,-1.116,-0.087,-29.236,-7.202,-27.832
0.023,-0.979,-0.016,-20.325,-9.705,-36.682
-0.065,-0.873,0.152,-15.625,-13.489,-34.485
-0.095,-0.932,0.153,-3.906,-10.376,-28.870
-0.142,-1.011,0.063,9.094,1.343,-23.315
-0.189,-1.033,-0.009,7.263,8.301,-15.869
-0.200,-1.055,-0.079,-7.507,8.728,-9.705
-0.217,-1.027,-0.120,-19.104,7.690,-3.601
-0.218,-1.002,-0.124,-20.264,4.578,0.610
-0.213,-1.023,-0.087,-13.306,-0.916,2.869
-0.205,-1.051,-0.016,-4.700,-6.592,2.808
-0.213,-1.061,0.042,2.563,-9.277,2.136
-0.210,-1.070,0.067,8.484,-8.606,0.488
-0.205,-1.063,0.057,10.498,-5.615,-1.404
-0.189,-1.036,0.016,9.216,-2.808,-3.052
-0.181,-1.009,-0.018,7.324,-2.136,-3.723
-0.188,-0.990,-0.058,6.592,-3.296,-3.418
-0.188,-0.976,-0.071,6.226,-4.456,-3.113
-0.182,-0.966,-0.081,5.676,-4.761,-2.686
-0.179,-0.951,-0.067,5.005,-5.188,-2.197
-0.175,-0.941,-0.047,4.150,-5.554,-2.014
-0.172,-0.937,-0.042,2.869,-5.249,-1.221
-0.180,-0.946,-0.043,1.953,-5.737,-0.122
-0.192,-0.955,-0.014,1.160,-6.836,0.977
-0.202,-0.969,-0.007,-1.160,-5.371,1.892
-0.209,-0.981,-0.020,-4.089,-2.808,2.747
-0.210,-0.994,-0.036,-6.104,-1.465,3.052
-0.208,-1.000,-0.046,-7.202,-1.038,3.662
-0.204,-1.011,-0.062,-7.874,-1.099,3.906
-0.197,-1.015,-0.065,-6.958,-2.197,3.723
-0.197,-1.020,-0.051,-4.333,-3.479,3.418
-0.197,-1.027,-0.053,-2.502,-3.418,3.296
-0.199,-1.028,-0.043,-0.366,-3.113,2.869
-0.203,-1.021,-0.029,1.587,-3.235,2.563
-0.206,-1.012,-0.021,2.747,-3.418,1.892
-0.207,-1.009,-0.015,2.502,-3.479,1.221
-0.205,-1.000,-0.026,0.305,-3.174,0.427
-0.204,-0.996,-0.048,-1.404,-2.869,-0.305
-0.198,-0.992,-0.055,-2.136,-3.662,-0.671
-0.197,-0.993,-0.060,-2.319,-4.456,-0.427
-0.195,-0.994,-0.059,-1.831,-4.883,-0.061
-0.193,-0.999,-0.056,-1.465,-5.310,0.549
-0.188,-0.997,-0.048,-1.343,-5.920,1.221
-0.194,-1.001,-0.027,-1.160,-6.287,1.526
-0.193,-1.003,-0.028,-2.319,-5.554,1.526
-0.190,-1.001,-0.033,-3.052,-4.883,1.526
-0.191,-0.998,-0.036,-3.052,-4.639,1.526
-0.186,-1.001,-0.042,-2.686,-4.150,1.221
-0.189,-1.000,-0.038,-2.319,-3.418,1.160
-0.192,-0.992,-0.030,-2.625,-2.991,0.916
-0.190,-0.995,-0.023,-2.625,-2.319,0.244
-0.184,-0.994,-0.028,-2.808,-1.343,-0.549
-0.184,-0.994,-0.033,-3.113,-0.977,-0.977
-0.184,-0.994,-0.037,-2.991,-0.916,-0.916
-0.184,-0.995,-0.047,-2.686,-1.038,-0.793
-0.185,-1.000,-0.050,-1.953,-1.343,-0.610
-0.189,-1.000,-0.038,-0.732,-2.319,-0.366
-0.191,-1.001,-0.026,0.122,-3.113,0.183
-0.191,-0.999,-0.028,0.793,-3.235,0.610
-0.192,-0.999,-0.028,1.526,-3.296,1.038
-0.193,-0.995,-0.030,1.648,-2.808,1.282
-0.193,-0.992,-0.021,1.953,-2.502,1.404
-0.193,-0.999,-0.019,2.258,-1.648,1.465
-0.196,-0.997,-0.031,2.014,-0.793,1.526
-0.195,-1.000,-0.048,0.854,0.000,1.160
-0.194,-1.010,-0.027,1.099,-0.183,0.000
-0.188,-1.005,-0.031,0.366,0.366,-0.366
-0.186,-1.006,-0.050,-0.977,0.427,-0.916
-0.185,-1.013,-0.046,-1.038,-0.488,-1.221
-0.186,-1.014,-0.042,-0.916,-1.038,-1.038
-0.189,-1.009,-0.036,-0.671,-1.221,-0.732
-0.195,-1.004,-0.029,0.000,-1.465,-0.854
-0.197,-1.001,-0.030,0.488,-1.038,-0.854
-0.198,-0.999,-0.032,0.793,-0.671,-1.099
-0.195,-1.000,-0.033,1.160,-0.488,-1.282
-0.195,-0.999,-0.035,1.038,-0.610,-1.221
-0.194,-1.000,-0.040,0.488,-0.366,-0.977
-0.193,-1.001,-0.041,-0.122,-0.427,-0.793
-0.193,-1.005,-0.038,-0.122,-1.038,-0.671
-0.195,-1.005,-0.034,-0.366,-1.221,-0.793
-0.196,-1.003,-0.034,-0.610,-1.160,-1.160
-0.195,-1.001,-0.038,-0.977,-0.916,-1.770
-0.192,-0.993,-0.039,-0.793,-0.732,-2.075
-0.188,-0.990,-0.043,-0.549,-0.549,-1.953
-0.188,-0.991,-0.045,-0.305,-0.549,-1.526
-0.189,-0.992,-0.044,-0.122,-0.671,-1.343
-0.191,-0.995,-0.040,-0.122,-1.038,-1.099
-0.192,-0.998,-0.033,-0.244,-1.221,-0.854
-0.192,-1.000,-0.034,-0.305,-0.977,-0.671
-0.192,-1.000,-0.040,-0.854,-0.732,-0.610
-0.194,-0.997,-0.042,-1.160,-0.854,-0.427
-0.194,-1.000,-0.041,-1.343,-0.916,-0.488
-0.194,-1.000,-0.042,-1.221,-0.977,-0.244
-0.196,-0.998,-0.039,-1.038,-1.282,-0.183
-0.199,-0.999,-0.034,-0.793,-1.343,-0.183
-0.201,-0.998,-0.032,-0.549,-0.854,-0.061
-0.200,-0.996,-0.029,-0.671,-0.305,-0.183
-0.197,-1.000,-0.032,-0.732,0.122,-0.549
-0.192,-1.001,-0.043,-0.854,0.549,-0.549
-0.190,-1.001,-0.052,-1.282,0.427,-0.549
-0.188,-0.998,-0.056,-1.648,-0.061,-0.366
-0.189,-0.996,-0.049,-1.587,-0.793,-0.305
-0.190,-0.994,-0.037,-1.221,-1.282,-0.366
-0.193,-0.994,-0.029,-0.977,-1.160,-0.427
-0.195,-0.998,-0.024,-1.038,-0.916,-0.366
-0.194,-1.000,-0.024,-1.404,-0.610,-0.183
-0.195,-1.001,-0.028,-1.648,-0.122,-0.305
-0.196,-1.001,-0.033,-1.831,-0.061,-0.366
-0.196,-1.001,-0.039,-1.709,-0.183,-0.183
-0.196,-1.002,-0.045,-1.282,-0.488,0.061
-0.197,-1.001,-0.047,-0.671,-0.793,0.305
-0.197,-1.001,-0.044,-0.488,-1.099,0.427
-0.196,-1.005,-0.041,-0.244,-1.160,0.366
#
