-1.010,-1.698,0.223,4.150,-24.048,139.404
-1.063,-1.894,0.185,14.832,-29.846,123.718
-1.120,-2.022,0.130,13.855,-30.518,101.379
-1.159,-2.099,0.073,4.578,-27.222,74.707
-1.187,-2.136,0.022,-7.263,-21.484,46.936
-1.195,-2.128,-0.010,-16.357,-14.404,20.691
-1.174,-2.080,-0.027,-17.212,-6.775,-3.723
-1.135,-1.999,-0.018,-9.827,0.366,-27.283
-1.085,-1.893,0.009,0.854,6.958,-48.828
-1.023,-1.785,0.041,10.620,12.085,-67.932
-0.961,-1.669,0.075,19.043,15.442,-84.656
-0.906,-1.550,0.108,26.611,17.212,-99.182
-0.858,-1.437,0.151,34.363,17.273,-111.084
-0.813,-1.327,0.205,42.480,14.893,-121.460
-0.769,-1.213,0.270,50.842,10.559,-131.226
-0.734,-1.094,0.334,59.509,5.493,-141.296
-0.712,-0.972,0.380,67.749,0.610,-151.123
-0.707,-0.858,0.420,73.914,-2.441,-159.973
-0.698,-0.742,0.446,77.576,-4.517,-168.396
-0.683,-0.602,0.461,80.139,-5.188,-178.040
-0.650,-0.423,0.472,83.618,-3.845,-189.453
-0.598,-0.203,0.483,85.999,-1.709,-202.454
-0.517,0.054,0.485,83.191,1.831,-215.210
-0.426,0.325,0.488,72.632,6.287,-225.952
-0.352,0.582,0.460,56.213,9.583,-231.262
-0.265,0.973,0.379,24.170,12.146,-223.694
-0.285,1.064,0.326,12.939,11.902,-212.158
-0.318,1.100,0.249,6.165,10.986,-196.472
-0.341,1.119,0.182,4.089,9.949,-180.115
-0.336,1.155,0.147,8.667,10.315,-166.565
-0.332,1.245,0.140,21.240,10.010,-155.701
-0.334,1.338,0.135,40.771,7.019,-145.874
-0.344,1.409,0.142,57.678,3.113,-134.521
-0.364,1.440,0.155,64.453,1.770,-120.117
-0.398,1.409,0.180,60.120,3.967,-102.295
-0.431,1.328,0.194,50.171,8.545,-83.496
-0.485,1.225,0.199,41.199,12.939,-67.017
-0.550,1.115,0.203,35.339,14.526,-54.749
-0.614,1.005,0.221,29.724,14.709,-46.265
-0.666,0.920,0.226,24.719,14.709,-39.185
-0.711,0.866,0.225,24.719,13.245,-33.997
-0.743,0.848,0.225,30.212,10.437,-30.029
-0.768,0.832,0.233,35.095,7.751,-26.184
-0.783,0.819,0.235,33.875,6.714,-21.912
-0.798,0.811,0.241,26.917,7.690,-18.066
-0.816,0.795,0.251,17.517,10.559,-15.503
-0.831,0.785,0.262,8.301,13.855,-13.184
-0.834,0.776,0.274,1.770,16.113,-10.376
-0.832,0.753,0.296,-2.014,17.395,-7.385
-0.829,0.730,0.315,-3.052,17.212,-4.089
-0.825,0.709,0.335,-2.075,15.564,14.343
-0.829,0.671,0.346,0.488,9.399,5.859
-0.840,0.643,0.347,0.549,6.775,9.827
-0.845,0.607,0.347,0.061,5.066,13.916
-0.848,0.570,0.346,-0.427,3.967,17.090
-0.857,0.531,0.350,-1.404,3.296,19.531
-0.862,0.488,0.357,-2.625,2.930,21.240
-0.867,0.447,0.365,-3.113,2.441,22.339
-0.875,0.408,0.370,-2.441,1.831,22.583
-0.885,0.376,0.366,-1.526,0.977,21.851
-0.893,0.353,0.360,-0.916,0.061,20.996
-0.902,0.333,0.350,-0.732,-0.793,20.020
-0.904,0.315,0.335,-1.221,-1.404,18.982
-0.905,0.308,0.323,-2.075,-1.770,17.700
-0.908,0.302,0.314,-2.930,-2.136,16.357
-0.913,0.297,0.305,-3.418,-2.136,15.137
-0.914,0.296,0.295,-4.333,-2.258,14.038
-0.912,0.300,0.287,-5.737,-2.075,12.268
-0.904,0.308,0.275,-7.446,-1.709,10.376
-0.896,0.325,0.267,-10.193,-0.977,8.484
-0.886,0.351,0.264,-13.184,0.305,6.409
-0.875,0.378,0.260,-15.564,1.770,5.188
-0.869,0.399,0.261,-16.785,2.747,4.883
-0.863,0.414,0.272,-16.357,2.869,5.127
-0.858,0.422,0.282,-13.672,1.953,6.042
-0.855,0.421,0.286,-9.827,-0.183,7.507
-0.855,0.415,0.284,-6.592,-2.075,9.094
-0.864,0.405,0.276,-4.456,-3.784,10.376
-0.871,0.394,0.267,-3.296,-5.188,11.475
-0.884,0.382,0.257,-2.869,-5.615,11.963
-0.898,0.369,0.244,-2.502,-5.493,11.841
-0.908,0.358,0.237,-2.197,-4.883,11.169
-0.912,0.348,0.232,-2.197,-3.906,9.644
-0.913,0.347,0.230,-1.831,-2.869,7.507
-0.911,0.353,0.232,-0.610,-2.197,4.883
-0.906,0.363,0.236,0.671,-1.831,2.747
-0.899,0.371,0.240,1.404,-1.648,1.221
-0.894,0.380,0.239,1.831,-1.709,0.427
-0.890,0.383,0.237,2.014,-1.892,-0.122
-0.885,0.387,0.233,2.563,-2.197,-0.427
-0.883,0.390,0.227,3.235,-2.380,-0.916
-0.882,0.397,0.222,3.662,-1.892,-1.038
-0.880,0.398,0.224,3.723,-1.343,-0.977
-0.876,0.397,0.229,3.784,-0.488,-0.793
-0.869,0.397,0.239,3.662,0.183,-0.854
-0.865,0.399,0.249,4.150,0.549,-1.038
-0.862,0.399,0.255,5.066,0.244,-1.282
-0.859,0.403,0.261,6.226,-0.366,-1.587
-0.860,0.398,0.262,7.568,-1.099,-1.587
-0.857,0.397,0.260,8.057,-1.465,-1.709
-0.858,0.398,0.257,7.568,-1.709,-1.770
-0.857,0.398,0.253,6.409,-1.831,-1.892
-0.857,0.397,0.254,5.310,-1.587,-2.136
-0.856,0.402,0.253,4.028,-1.160,-2.258
-0.854,0.408,0.252,2.686,-0.549,-2.563
-0.854,0.415,0.251,1.709,-0.122,-2.441
-0.855,0.422,0.249,1.892,-0.061,-2.380
-0.856,0.428,0.248,2.747,-0.244,-1.892
-0.858,0.430,0.247,3.418,-0.488,-1.343
-0.865,0.428,0.238,4.211,-0.916,0.183
-0.875,0.414,0.227,5.432,-1.038,0.610
-0.878,0.404,0.228,4.944,-0.244,0.732
-0.876,0.400,0.235,3.845,1.038,0.732
-0.874,0.397,0.244,2.869,2.075,0.183
-0.872,0.400,0.251,1.770,2.747,-0.427
-0.874,0.404,0.254,0.671,2.930,-0.793
-0.875,0.407,0.252,-0.793,2.625,-0.916
-0.878,0.410,0.249,-1.404,2.075,-0.977
-0.879,0.412,0.243,-1.160,1.587,-0.671
#
-0.969,-1.625,0.281,4.089,-32.837,151.428
-1.005,-1.692,0.191,0.000,-38.879,129.944
-1.039,-1.700,0.071,-19.287,-38.818,105.835
-1.080,-1.641,-0.057,-43.945,-33.630,83.313
-1.103,-1.573,-0.158,-59.021,-24.170,64.331
-1.112,-1.536,-0.204,-58.044,-13.123,50.110
-1.112,-1.574,-0.205,-41.382,-3.174,41.260
-1.093,-1.656,-0.167,-14.709,3.906,35.461
-1.083,-1.758,-0.108,14.404,8.728,28.259
-1.078,-1.834,-0.056,37.903,11.536,16.846
-1.072,-1.861,-0.014,49.866,14.404,1.038
-1.079,-1.844,0.011,49.927,18.921,-17.151
-1.073,-1.784,0.071,31.189,31.128,-55.054
-1.043,-1.614,0.114,26.062,36.255,-71.899
-1.029,-1.525,0.170,28.320,38.635,-86.975
-0.995,-1.428,0.231,36.926,37.903,-101.685
-0.951,-1.317,0.299,47.485,35.767,-117.493
-0.899,-1.180,0.370,54.016,33.691,-132.996
-0.842,-1.017,0.444,54.749,32.532,-148.865
-0.779,-0.825,0.515,52.368,32.654,-164.917
-0.703,-0.600,0.588,50.049,32.532,-179.993
-0.627,-0.365,0.648,48.889,31.189,-192.261
-0.552,-0.119,0.682,50.171,28.015,-200.317
-0.491,0.107,0.696,53.833,22.339,-203.979
-0.451,0.304,0.677,57.068,15.381,-203.491
-0.428,0.463,0.620,56.213,8.423,-200.012
-0.417,0.581,0.535,50.110,2.808,-195.312
-0.394,0.687,0.458,39.734,0.732,-190.186
-0.374,0.792,0.389,29.663,2.014,-185.608
-0.361,0.894,0.340,22.278,4.944,-180.603
-0.358,0.969,0.316,17.578,8.667,-174.133
-0.340,1.016,0.313,15.869,13.306,-165.833
-0.324,1.068,0.319,18.616,16.418,-156.799
-0.332,1.105,0.323,26.855,15.503,-146.790
-0.341,1.114,0.321,39.001,11.353,-134.888
-0.354,1.106,0.317,51.514,5.798,-122.437
-0.374,1.083,0.309,58.594,0.305,-110.413
-0.395,1.054,0.301,56.946,-3.296,-99.060
-0.426,1.033,0.285,48.035,-4.150,-89.539
-0.466,1.030,0.252,35.889,-3.418,-81.787
-0.516,1.027,0.212,24.780,-2.197,-75.256
-0.558,1.012,0.177,16.968,-0.732,-68.359
-0.599,0.978,0.164,12.207,1.892,-61.035
-0.629,0.951,0.165,11.475,4.700,-53.772
-0.656,0.919,0.175,16.602,6.042,-47.180
-0.679,0.889,0.201,23.376,5.676,-41.260
-0.712,0.849,0.226,28.625,4.639,-35.034
-0.715,0.793,0.231,30.396,3.845,-28.381
-0.788,0.775,0.297,28.259,-2.563,-20.996
-0.767,0.698,0.364,26.062,-7.812,-16.113
-0.786,0.656,0.265,25.818,-3.235,-17.395
-0.829,0.689,0.237,20.020,9.521,-18.616
-0.841,0.675,0.248,9.033,14.587,-17.822
-0.817,0.698,0.282,-4.822,17.395,-15.320
-0.808,0.709,0.328,-13.184,20.081,-13.062
-0.806,0.720,0.349,-13.916,21.423,-11.597
-0.810,0.730,0.365,-8.423,20.874,-9.827
-0.820,0.724,0.383,-2.502,18.494,-6.531
-0.826,0.697,0.405,1.770,14.954,-1.953
-0.830,0.659,0.425,4.517,11.414,2.869
-0.841,0.618,0.441,6.409,7.812,6.958
-0.855,0.576,0.447,7.568,4.822,9.827
-0.864,0.542,0.445,8.118,2.502,11.230
-0.870,0.521,0.445,7.385,1.282,11.169
-0.876,0.505,0.448,4.822,1.343,10.132
-0.883,0.495,0.452,0.366,2.075,9.521
-0.884,0.482,0.451,-4.578,3.052,9.521
-0.882,0.469,0.448,-7.751,3.296,9.705
-0.879,0.460,0.438,-9.155,2.563,10.071
-0.873,0.455,0.423,-10.193,1.099,10.498
-0.873,0.454,0.402,-10.498,-0.366,10.925
-0.876,0.453,0.380,-10.254,-1.465,11.597
-0.873,0.449,0.362,-10.071,-2.075,12.573
-0.868,0.445,0.351,-9.766,-2.502,13.550
-0.862,0.441,0.343,-8.423,-3.052,14.771
-0.847,0.437,0.328,-7.263,-3.662,14.893
-0.840,0.439,0.325,-7.996,-3.357,14.404
-0.836,0.443,0.325,-9.277,-2.808,13.733
-0.833,0.447,0.324,-10.376,-2.319,13.428
-0.834,0.443,0.324,-10.681,-2.258,13.672
-0.834,0.431,0.327,-9.521,-2.563,14.282
-0.836,0.417,0.329,-7.324,-3.479,14.771
-0.839,0.401,0.324,-4.395,-4.883,15.015
-0.839,0.391,0.318,-1.953,-6.348,14.587
-0.840,0.387,0.314,-0.427,-7.263,13.855
-0.842,0.380,0.310,-0.244,-7.507,12.695
-0.841,0.376,0.302,-1.221,-7.568,11.230
-0.843,0.373,0.293,-2.441,-7.141,10.010
-0.845,0.369,0.285,-3.357,-6.958,8.728
-0.849,0.366,0.274,-3.845,-6.775,7.874
-0.852,0.363,0.268,-3.601,-6.287,7.080
-0.854,0.361,0.262,-2.930,-5.676,6.165
-0.856,0.366,0.257,-2.563,-4.883,5.249
-0.857,0.369,0.255,-1.953,-4.150,4.578
-0.855,0.377,0.254,-0.732,-3.601,3.662
-0.850,0.382,0.257,0.366,-2.930,3.052
-0.847,0.386,0.261,0.549,-1.953,2.441
-0.842,0.386,0.265,0.244,-1.282,2.014
-0.839,0.388,0.272,-0.122,-0.793,1.587
-0.839,0.391,0.277,-0.610,-0.549,1.099
-0.837,0.396,0.278,-0.732,-0.610,0.977
-0.838,0.397,0.278,-0.366,-0.977,0.916
-0.840,0.402,0.274,0.610,-1.465,1.038
-0.840,0.409,0.266,1.953,-1.892,1.221
-0.841,0.418,0.261,3.479,-2.014,1.282
-0.838,0.428,0.259,4.150,-1.709,1.221
-0.836,0.434,0.261,3.723,-0.977,1.282
-0.837,0.433,0.270,2.869,0.488,1.526
-0.838,0.430,0.282,1.770,1.831,2.136
-0.838,0.425,0.294,1.648,2.502,2.441
-0.841,0.422,0.302,1.709,2.563,2.625
-0.847,0.420,0.307,1.221,2.319,2.808
-0.851,0.417,0.311,0.610,2.136,2.991
-0.858,0.408,0.313,0.244,1.892,3.113
-0.864,0.398,0.315,0.244,1.465,3.296
-0.867,0.382,0.318,0.793,1.099,3.540
-0.872,0.369,0.318,1.709,0.427,3.357
-0.874,0.358,0.316,2.319,-0.366,3.113
-0.879,0.355,0.313,2.686,-0.977,2.319
#
-0.899,-1.828,0.262,6.287,-32.410,178.894
-0.971,-2.070,0.213,22.156,-44.189,163.513
-1.049,-2.221,0.126,15.869,-50.964,139.221
-1.113,-2.289,0.020,-4.395,-50.781,109.985
-1.176,-2.274,-0.078,-29.297,-44.006,77.759
-1.206,-2.198,-0.158,-46.204,-32.227,46.326
-1.236,-2.124,-0.204,-49.011,-18.188,19.043
-1.224,-2.049,-0.210,-38.330,-3.784,-2.869
-1.173,-1.961,-0.176,-19.104,8.972,-22.522
-1.103,-1.842,-0.122,3.418,19.531,-41.565
-1.034,-1.717,-0.069,21.973,27.832,-60.364
-0.986,-1.584,-0.018,30.273,34.668,-76.660
-0.941,-1.474,0.029,29.663,40.283,-89.233
-0.919,-1.396,0.092,26.611,43.640,-98.511
-0.899,-1.340,0.165,25.513,44.006,-114.380
-0.853,-1.231,0.331,37.720,36.865,-124.573
-0.811,-1.127,0.403,47.791,31.616,-137.573
-0.771,-0.983,0.476,56.274,28.076,-152.954
-0.715,-0.818,0.545,60.425,27.161,-168.518
-0.646,-0.632,0.612,58.533,27.893,-182.556
-0.572,-0.439,0.665,54.688,28.809,-194.702
-0.499,-0.257,0.702,51.086,28.381,-203.735
-0.438,-0.085,0.716,46.631,25.635,-209.473
-0.389,0.084,0.706,43.274,20.691,-212.708
-0.371,0.225,0.660,42.175,14.160,-213.623
-0.377,0.340,0.588,39.917,7.446,-212.402
-0.374,0.446,0.508,35.400,2.869,-210.388
-0.359,0.539,0.447,29.724,2.441,-209.106
-0.326,0.652,0.416,24.475,5.371,-208.801
-0.268,0.833,0.398,24.597,8.423,-208.801
-0.219,1.042,0.385,32.837,8.850,-208.679
-0.198,1.227,0.373,41.504,6.958,-204.041
-0.199,1.361,0.356,44.922,4.578,-192.383
-0.202,1.444,0.326,43.457,3.357,-174.805
-0.217,1.484,0.296,41.382,3.784,-155.457
-0.245,1.496,0.280,39.795,5.188,-136.230
-0.280,1.472,0.282,38.086,6.226,-117.920
-0.321,1.453,0.283,37.415,5.737,-99.670
-0.363,1.422,0.283,40.955,3.052,-82.764
-0.412,1.389,0.290,46.387,-0.305,-67.200
-0.456,1.349,0.293,51.636,-2.869,-52.307
-0.502,1.302,0.299,55.176,-4.761,-38.940
-0.551,1.241,0.305,55.237,-5.859,-27.161
-0.605,1.167,0.308,50.293,-5.371,-16.785
-0.659,1.086,0.315,42.969,-3.601,-7.751
-0.748,1.049,0.408,35.767,-2.502,-1.221
-0.703,0.979,0.457,29.053,-4.944,5.493
-0.733,0.790,0.386,31.189,-6.104,7.385
-0.823,0.776,0.365,32.227,2.319,2.563
-0.792,0.861,0.415,19.897,4.150,5.737
-0.769,0.706,0.424,6.409,-3.662,11.230
-0.808,0.695,0.384,-1.831,1.770,8.911
-0.852,0.700,0.334,-5.493,10.010,9.338
-0.847,0.680,0.340,-9.888,9.583,12.634
-0.832,0.635,0.355,-12.878,6.958,16.296
-0.829,0.601,0.360,-11.963,6.836,17.700
-0.826,0.574,0.363,-7.507,5.432,17.273
-0.821,0.556,0.361,-1.831,1.953,15.137
-0.790,0.517,0.313,2.869,0.183,13.123
-0.843,0.586,0.399,4.028,3.113,11.841
-0.802,0.509,0.341,1.709,-2.014,15.198
-0.818,0.518,0.387,-0.488,0.183,16.418
-0.828,0.472,0.372,3.113,0.305,17.700
-0.834,0.445,0.393,5.615,0.183,18.494
-0.840,0.415,0.401,6.226,-0.549,20.386
-0.839,0.373,0.408,5.676,-1.465,21.240
-0.846,0.343,0.409,4.517,-1.831,20.630
-0.851,0.317,0.399,1.587,-1.892,19.104
-0.853,0.296,0.389,-2.075,-1.831,16.602
-0.856,0.289,0.373,-5.493,-1.709,13.611
-0.855,0.290,0.358,-9.033,-1.526,10.803
-0.849,0.312,0.344,-12.207,-1.343,7.935
-0.842,0.345,0.329,-14.099,-0.793,5.310
-0.834,0.382,0.317,-15.015,-0.122,3.906
-0.826,0.408,0.312,-15.747,0.793,3.662
-0.814,0.426,0.314,-16.235,1.953,4.395
-0.800,0.438,0.322,-16.235,2.563,5.249
-0.794,0.447,0.328,-16.113,2.319,6.287
-0.793,0.451,0.330,-15.808,1.648,7.629
-0.797,0.449,0.329,-14.893,0.854,9.338
-0.804,0.438,0.327,-13.611,0.061,10.864
-0.813,0.421,0.325,-11.414,-0.916,12.146
-0.833,0.378,0.310,-5.737,-2.808,13.000
-0.841,0.365,0.301,-2.747,-4.089,12.695
-0.853,0.353,0.294,-0.427,-5.188,11.658
-0.863,0.349,0.289,1.099,-5.554,10.498
-0.870,0.346,0.286,2.380,-5.005,9.094
-0.874,0.344,0.283,3.235,-3.845,7.629
-0.878,0.344,0.283,3.113,-2.441,6.042
-0.875,0.344,0.289,2.319,-1.282,4.517
-0.871,0.350,0.296,1.282,-0.061,2.563
-0.862,0.361,0.304,0.000,1.038,0.488
-0.857,0.378,0.316,-0.977,1.709,-1.038
-0.851,0.391,0.322,-0.793,1.404,-1.770
-0.844,0.405,0.325,0.549,0.610,-2.075
-0.840,0.415,0.323,2.197,-0.732,-2.014
-0.840,0.421,0.322,3.357,-1.404,-1.709
-0.837,0.427,0.320,3.540,-1.587,-1.465
-0.836,0.427,0.319,3.662,-1.343,-1.282
-0.835,0.425,0.317,3.052,-1.099,-1.099
-0.834,0.422,0.314,2.319,-0.427,-0.854
-0.833,0.414,0.315,1.770,0.000,-0.671
-0.835,0.406,0.317,1.831,0.427,-0.610
-0.835,0.407,0.321,2.319,0.854,-0.610
-0.831,0.408,0.330,3.296,0.488,-0.793
-0.830,0.408,0.334,3.906,0.305,-1.099
-0.834,0.406,0.336,3.601,0.122,-1.038
-0.835,0.405,0.334,3.052,-0.122,-0.977
-0.838,0.406,0.331,2.930,-0.427,-1.221
-0.838,0.412,0.334,2.563,-0.671,-1.404
-0.836,0.421,0.335,2.197,-0.793,-1.587
-0.835,0.427,0.329,1.587,-0.916,-1.465
-0.839,0.430,0.324,1.282,-1.160,-1.221
-0.841,0.433,0.315,1.465,-1.404,-0.671
-0.843,0.433,0.306,2.930,-1.587,-0.122
-0.845,0.430,0.301,3.967,-1.526,0.427
-0.848,0.424,0.299,3.845,-1.099,1.099
-0.847,0.418,0.300,2.869,-0.061,1.465
-0.849,0.414,0.306,2.014,1.160,1.221
#
-0.894,-2.023,0.187,13.062,-33.936,189.880
-0.951,-2.232,0.136,28.137,-41.321,169.312
-1.017,-2.389,0.055,28.687,-45.044,143.982
-1.079,-2.486,-0.044,18.555,-45.044,115.356
-1.127,-2.525,-0.143,4.211,-40.955,84.839
-1.176,-2.526,-0.223,-6.714,-31.067,54.382
-1.201,-2.498,-0.258,-10.376,-16.235,24.170
-1.196,-2.444,-0.246,-5.554,0.549,-5.005
-1.153,-2.353,-0.185,5.249,18.005,-33.936
-1.086,-2.223,-0.089,16.907,34.058,-62.317
-1.011,-2.099,-0.003,25.879,47.302,-86.853
-0.953,-1.965,0.081,29.480,57.678,-107.666
-0.901,-1.820,0.159,29.907,65.002,-125.977
-0.848,-1.674,0.240,31.067,68.848,-142.212
-0.791,-1.509,0.335,33.020,68.970,-157.898
-0.725,-1.323,0.444,35.645,65.369,-173.279
-0.641,-1.106,0.569,39.124,58.594,-188.904
-0.560,-0.884,0.696,42.419,51.270,-203.735
-0.479,-0.654,0.806,43.701,44.556,-216.125
-0.415,-0.444,0.900,43.579,38.574,-224.976
-0.362,-0.252,0.947,43.823,31.921,-229.370
-0.317,-0.062,0.951,45.105,23.437,-231.201
-0.283,0.122,0.913,46.875,14.160,-232.971
-0.246,0.316,0.850,45.410,5.066,-234.924
-0.230,0.498,0.770,39.734,-2.808,-235.046
-0.221,0.643,0.668,33.325,-9.216,-231.812
-0.203,0.776,0.576,28.809,-12.268,-226.562
-0.204,0.895,0.522,27.344,-11.841,-220.032
-0.214,0.979,0.482,29.236,-10.437,-210.693
-0.205,1.033,0.459,33.630,-8.667,-199.158
-0.197,1.095,0.437,39.551,-7.080,-187.134
-0.198,1.149,0.432,45.959,-5.981,-175.415
-0.209,1.188,0.433,47.546,-4.700,-163.574
-0.225,1.226,0.410,44.189,-4.517,-150.879
-0.248,1.260,0.375,39.368,-6.042,-138.062
-0.285,1.281,0.335,35.400,-8.179,-125.488
-0.317,1.293,0.297,32.288,-10.376,-112.122
-0.352,1.314,0.262,31.128,-12.024,-98.816
-0.389,1.329,0.232,31.982,-13.000,-86.121
-0.444,1.332,0.211,33.264,-12.939,-72.937
-0.504,1.302,0.205,33.508,-11.658,-58.594
-0.556,1.244,0.211,33.142,-8.789,-31.921
-0.621,1.115,0.266,36.133,-3.784,-22.156
-0.641,1.058,0.296,35.889,-2.136,-14.832
-0.656,1.004,0.316,32.471,-1.526,-8.911
-0.680,0.955,0.330,26.917,-0.610,-4.333
-0.705,0.898,0.335,21.240,0.854,-1.160
-0.740,0.851,0.346,16.846,2.747,1.709
-0.759,0.808,0.354,13.794,3.906,4.089
-0.775,0.774,0.365,11.169,5.188,6.042
-0.780,0.742,0.369,7.568,5.798,7.874
-0.787,0.720,0.371,2.625,6.470,9.460
-0.795,0.697,0.373,-2.869,7.629,11.353
-0.803,0.671,0.385,-7.874,8.240,13.367
-0.807,0.643,0.396,-11.047,8.118,15.198
-0.811,0.613,0.410,-11.414,7.263,16.479
-0.817,0.582,0.416,-10.803,5.432,17.883
-0.826,0.553,0.421,-10.376,3.601,19.592
-0.832,0.518,0.422,-9.949,1.892,20.935
-0.839,0.487,0.423,-8.667,0.244,21.240
-0.844,0.456,0.412,-6.897,-0.977,20.508
-0.850,0.434,0.404,-5.859,-1.404,19.470
-0.853,0.415,0.393,-5.737,-1.587,18.494
-0.858,0.396,0.386,-6.348,-1.587,17.761
-0.859,0.380,0.381,-7.446,-1.404,17.151
-0.860,0.368,0.376,-9.155,-1.221,16.541
-0.858,0.362,0.370,-10.986,-0.671,15.442
-0.852,0.358,0.366,-13.000,-0.122,14.160
-0.851,0.362,0.365,-15.198,0.732,13.123
-0.849,0.364,0.364,-17.151,1.099,12.329
-0.843,0.369,0.361,-18.433,1.465,11.963
-0.836,0.373,0.357,-18.799,1.526,11.475
-0.839,0.376,0.357,-19.165,1.282,11.353
-0.838,0.375,0.352,-19.531,1.160,11.597
-0.833,0.371,0.347,-18.799,0.732,11.902
-0.831,0.370,0.342,-16.724,-0.122,12.146
-0.833,0.365,0.337,-14.587,-0.793,12.268
-0.833,0.363,0.332,-13.184,-1.160,12.268
-0.831,0.364,0.326,-13.123,-1.465,11.902
-0.833,0.368,0.323,-13.062,-1.465,11.047
-0.839,0.369,0.322,-13.000,-1.404,10.376
-0.844,0.365,0.319,-12.512,-1.465,9.888
-0.846,0.363,0.317,-10.132,-1.587,9.338
-0.850,0.365,0.319,-6.592,-1.648,8.545
-0.851,0.361,0.323,-3.113,-1.770,7.935
-0.854,0.357,0.326,-0.427,-1.831,7.385
-0.851,0.352,0.331,0.916,-1.709,6.653
-0.849,0.350,0.336,1.404,-1.587,5.676
-0.846,0.355,0.335,1.160,-1.648,4.211
-0.846,0.362,0.328,0.671,-1.892,2.625
-0.846,0.367,0.317,-0.427,-2.197,1.587
-0.849,0.371,0.304,-0.549,-2.197,0.977
-0.850,0.374,0.299,0.671,-1.953,0.549
-0.849,0.374,0.297,1.770,-1.587,0.122
-0.848,0.375,0.297,2.258,-1.221,-0.366
-0.848,0.375,0.299,1.709,-0.671,-0.610
-0.844,0.381,0.304,0.793,0.061,-1.038
-0.841,0.389,0.310,0.916,0.793,-1.526
-0.838,0.400,0.312,1.648,1.099,-1.892
-0.835,0.404,0.310,1.526,1.221,-1.953
-0.835,0.410,0.315,0.854,1.648,-1.892
-0.832,0.405,0.319,0.793,2.014,-1.587
-0.831,0.412,0.328,1.770,2.136,-1.892
-0.828,0.423,0.336,3.906,1.709,-2.075
-0.825,0.426,0.343,5.554,1.099,-1.831
-0.824,0.426,0.344,5.615,0.610,-1.526
-0.823,0.425,0.340,4.761,0.549,-1.465
-0.827,0.429,0.337,3.540,0.732,-1.587
-0.830,0.430,0.331,1.770,1.160,-1.709
-0.833,0.433,0.330,0.916,1.465,-1.709
-0.832,0.433,0.331,1.038,1.709,-1.648
-0.828,0.432,0.332,1.709,1.465,-1.465
-0.828,0.432,0.331,2.075,1.343,-0.916
-0.836,0.427,0.326,-0.977,2.319,-0.488
-0.842,0.421,0.328,-1.892,2.808,-0.122
-0.848,0.418,0.327,-0.793,2.441,0.122
-0.852,0.418,0.325,1.282,1.404,0.244
-0.854,0.416,0.320,2.747,0.488,0.488
-0.855,0.412,0.315,2.930,0.549,0.916
#
-0.732,-1.865,0.393,-42.725,-33.447,239.136
-0.832,-2.248,0.358,-4.578,-46.021,235.107
-0.923,-2.575,0.290,34.058,-62.439,219.055
-1.005,-2.835,0.190,57.983,-77.209,190.918
-1.090,-3.003,0.036,56.519,-85.815,154.175
-1.167,-3.086,-0.137,32.959,-85.388,113.037
-1.228,-3.077,-0.302,1.587,-75.500,70.190
-1.263,-2.996,-0.427,-20.508,-57.922,27.832
-1.260,-2.866,-0.493,-24.963,-36.072,-11.475
-1.210,-2.696,-0.490,-13.733,-12.634,-47.668
-1.113,-2.516,-0.433,6.531,29.480,-107.178
-0.903,-2.162,-0.246,44.678,46.448,-130.249
-0.797,-1.984,-0.158,53.406,60.364,-150.635
-0.691,-1.784,-0.084,54.138,71.594,-169.250
-0.586,-1.568,-0.017,48.035,80.505,-186.707
-0.502,-1.348,0.076,36.499,86.731,-201.660
-0.420,-1.131,0.191,23.132,89.966,-213.623
-0.334,-0.903,0.334,12.085,88.806,-224.854
-0.250,-0.648,0.499,7.324,84.167,-237.488
-0.172,-0.370,0.659,10.071,78.064,-250.549
-0.111,-0.085,0.777,16.418,69.702,-259.949
-0.047,0.209,0.837,22.278,58.533,-264.221
-0.009,0.489,0.863,26.306,46.021,-264.282
-0.003,0.721,0.843,27.893,33.813,-259.399
0.002,0.919,0.802,25.696,24.536,-250.488
-0.013,1.068,0.762,23.865,18.860,-239.929
-0.040,1.166,0.715,22.827,15.747,-227.661
-0.064,1.232,0.688,19.348,14.465,-214.905
-0.080,1.286,0.679,15.686,14.404,-201.782
-0.091,1.346,0.665,15.747,13.184,-188.782
-0.090,1.431,0.648,21.301,8.911,-176.392
-0.110,1.524,0.628,29.846,2.747,-163.635
-0.157,1.576,0.585,34.485,-2.930,-148.376
-0.196,1.592,0.513,32.227,-7.996,-130.249
-0.254,1.581,0.438,27.283,-11.963,-111.816
-0.332,1.534,0.359,22.644,-15.015,-93.445
-0.411,1.464,0.278,19.653,-16.846,-75.989
-0.487,1.383,0.217,18.250,-16.602,-60.364
-0.554,1.303,0.183,18.311,-14.160,-47.119
-0.616,1.237,0.162,20.020,-11.169,-35.828
-0.664,1.177,0.161,23.804,-7.996,-26.062
-0.706,1.110,0.182,26.245,-4.822,-17.029
-0.743,1.026,0.212,25.818,-1.953,-1.587
-0.802,0.854,0.287,22.583,1.221,3.540
-0.817,0.787,0.321,20.264,2.319,6.653
-0.832,0.737,0.358,15.442,3.845,8.545
-0.841,0.691,0.377,8.911,5.066,10.193
-0.848,0.658,0.384,3.052,6.287,11.292
-0.851,0.633,0.387,0.122,6.470,11.719
-0.848,0.612,0.388,-1.038,6.165,11.536
-0.849,0.594,0.391,-2.319,6.042,11.963
-0.848,0.566,0.394,-3.906,6.104,13.306
-0.852,0.530,0.405,-5.859,5.920,14.832
-0.850,0.496,0.423,-6.470,4.822,16.235
-0.848,0.471,0.436,-6.226,2.869,17.029
-0.840,0.443,0.442,-5.310,0.488,16.968
-0.834,0.431,0.440,-5.615,-0.977,16.296
-0.834,0.422,0.434,-7.385,-1.648,15.503
-0.832,0.415,0.428,-10.376,-1.831,15.015
-0.828,0.401,0.421,-12.451,-1.709,14.771
-0.824,0.389,0.415,-12.390,-1.404,13.794
-0.820,0.383,0.406,-10.925,-1.282,12.634
-0.818,0.386,0.394,-9.033,-1.282,11.475
-0.817,0.394,0.382,-8.423,-1.343,10.742
-0.817,0.396,0.378,-8.850,-1.343,10.925
-0.813,0.391,0.384,-9.399,-0.854,11.597
-0.809,0.379,0.396,-9.277,-0.732,12.146
-0.809,0.364,0.409,-7.996,-0.977,12.817
-0.812,0.351,0.419,-6.531,-1.526,13.611
-0.819,0.333,0.411,-8.057,-3.357,13.367
-0.825,0.329,0.390,-10.681,-4.028,12.695
-0.833,0.336,0.367,-13.245,-4.395,11.597
-0.840,0.344,0.344,-14.832,-4.150,10.376
-0.841,0.355,0.328,-15.259,-3.601,9.521
-0.843,0.364,0.319,-15.076,-3.174,8.911
-0.848,0.369,0.318,-14.771,-2.380,8.667
-0.848,0.368,0.325,-14.832,-1.526,8.301
-0.846,0.370,0.336,-14.465,-1.282,7.751
-0.844,0.378,0.341,-13.367,-1.587,6.775
-0.842,0.386,0.339,-12.939,-2.563,6.042
-0.841,0.395,0.337,-12.878,-3.540,5.554
-0.841,0.398,0.335,-12.268,-3.845,5.310
-0.840,0.399,0.332,-10.010,-4.150,5.310
-0.838,0.398,0.328,-6.348,-4.700,5.127
-0.836,0.397,0.323,-2.625,-5.127,4.761
-0.839,0.397,0.314,-0.244,-5.188,4.395
-0.842,0.391,0.301,0.000,-4.700,4.395
-0.843,0.385,0.294,-0.305,-3.601,4.456
-0.843,0.380,0.288,0.061,-2.808,4.150
-0.848,0.378,0.289,0.916,-1.953,3.418
-0.850,0.370,0.295,1.282,-1.282,2.808
-0.850,0.365,0.304,1.282,-0.366,2.380
-0.849,0.358,0.318,1.221,0.366,1.831
-0.848,0.351,0.328,1.404,0.427,1.099
-0.844,0.353,0.333,2.136,-0.122,0.000
-0.841,0.364,0.331,3.174,-1.160,-1.099
-0.840,0.380,0.324,3.601,-1.892,-1.892
-0.839,0.394,0.314,3.357,-2.136,-2.380
-0.836,0.404,0.311,2.197,-1.831,-2.441
-0.834,0.408,0.311,1.648,-1.038,-2.319
-0.832,0.410,0.318,1.587,0.305,-2.258
-0.828,0.405,0.327,2.136,1.160,-1.526
-0.826,0.392,0.338,2.258,1.465,-1.099
-0.830,0.386,0.337,2.136,1.160,-0.977
-0.832,0.386,0.331,2.502,0.854,-1.282
-0.832,0.388,0.330,3.357,0.549,-1.526
-0.833,0.392,0.329,4.211,0.061,-1.587
-0.833,0.391,0.326,5.798,-0.671,-1.526
-0.838,0.388,0.328,6.897,-1.038,-1.404
-0.842,0.383,0.328,6.714,-0.916,-1.221
-0.847,0.378,0.328,5.920,-0.366,-1.404
-0.848,0.380,0.331,4.944,0.610,-1.648
-0.850,0.383,0.332,3.662,1.587,-2.136
-0.847,0.389,0.330,2.319,2.502,-2.502
-0.844,0.399,0.330,1.526,2.869,-2.869
-0.841,0.408,0.328,1.099,3.174,-2.930
-0.839,0.417,0.327,1.404,3.174,-2.991
-0.834,0.422,0.326,1.831,2.991,-2.930
-0.831,0.427,0.327,1.892,2.869,-2.869
#
-0.678,-1.621,0.320,-14.587,-64.941,221.680
-0.710,-1.676,0.213,-37.170,-66.833,197.205
-0.762,-1.733,0.094,-68.237,-63.049,175.598
-0.837,-1.850,-0.013,-91.614,-55.603,160.217
-0.922,-2.032,-0.090,-93.872,-46.570,149.597
-1.021,-2.244,-0.127,-73.730,-39.673,137.756
-1.090,-2.436,-0.140,-37.354,-36.133,120.544
-1.137,-2.586,-0.144,-0.916,-35.095,97.290
-1.168,-2.675,-0.156,22.278,-32.593,68.542
-1.183,-2.678,-0.177,27.222,-26.550,35.217
-1.172,-2.592,-0.193,18.311,-16.174,-0.305
-1.142,-2.422,-0.207,4.272,-2.930,-34.912
-1.090,-2.199,-0.210,-6.042,11.536,-67.444
-1.024,-1.960,-0.192,-9.338,26.367,-94.971
-0.969,-1.757,-0.163,-5.554,39.185,-115.479
-0.905,-1.593,-0.114,4.578,48.950,-129.456
-0.849,-1.469,-0.050,20.691,55.237,-138.855
-0.801,-1.360,0.028,39.307,57.434,-147.034
-0.745,-1.248,0.115,54.321,56.580,-156.189
-0.690,-1.129,0.224,60.364,54.321,-167.542
-0.642,-0.988,0.334,57.129,50.903,-180.054
-0.586,-0.804,0.431,49.988,47.424,-194.275
-0.525,-0.589,0.525,43.884,44.983,-209.229
-0.461,-0.358,0.611,39.246,43.945,-221.924
-0.399,-0.130,0.670,34.485,42.297,-230.530
-0.341,0.073,0.706,29.053,39.001,-234.802
-0.300,0.267,0.704,23.865,34.729,-235.474
-0.272,0.424,0.672,19.104,29.602,-234.375
-0.263,0.534,0.624,12.756,24.841,-231.140
-0.250,0.627,0.561,6.470,21.301,-226.135
-0.230,0.714,0.511,4.333,18.372,-220.520
-0.203,0.818,0.458,6.775,14.404,-215.393
-0.182,0.942,0.427,10.498,10.620,-210.693
-0.174,1.073,0.406,10.620,7.629,-204.163
-0.185,1.183,0.382,9.338,5.005,-193.665
-0.196,1.277,0.345,8.667,3.235,-179.810
-0.227,1.338,0.314,11.047,1.648,-164.734
-0.258,1.360,0.280,16.174,0.244,-148.010
-0.287,1.355,0.253,22.156,-0.732,-116.089
-0.372,1.286,0.241,25.513,-1.038,-103.516
-0.401,1.251,0.242,23.987,-0.732,-91.003
-0.427,1.235,0.248,25.879,-1.526,-80.017
-0.455,1.233,0.251,32.410,-4.150,-70.313
-0.479,1.233,0.249,39.612,-7.812,-60.669
-0.507,1.227,0.252,42.969,-9.888,-50.781
-0.542,1.198,0.251,41.077,-9.155,-40.466
-0.577,1.150,0.243,35.217,-6.592,-30.457
-0.611,1.100,0.231,28.870,-3.479,-21.973
-0.648,1.057,0.221,23.804,-1.221,-15.137
-0.677,1.016,0.221,19.775,1.221,-9.888
-0.696,0.984,0.224,15.198,4.272,-5.676
-0.711,0.955,0.223,11.230,7.629,-2.319
-0.729,0.932,0.240,8.423,10.803,0.854
-0.744,0.896,0.262,6.897,12.512,5.371
-0.762,0.850,0.298,7.446,13.794,10.010
-0.780,0.797,0.329,8.606,13.916,14.709
-0.795,0.743,0.365,8.728,12.695,19.226
-0.803,0.686,0.389,8.606,10.193,22.583
-0.814,0.640,0.410,7.874,7.263,24.414
-0.820,0.601,0.412,5.615,4.150,24.780
-0.832,0.578,0.412,1.709,2.563,24.414
-0.841,0.553,0.409,-1.953,1.770,23.865
-0.848,0.531,0.408,-3.662,1.526,23.132
-0.852,0.514,0.406,-2.197,0.977,21.973
-0.851,0.500,0.406,0.244,0.244,20.935
-0.853,0.480,0.405,1.648,-0.488,20.874
-0.848,0.460,0.404,1.953,-1.221,21.423
-0.841,0.438,0.404,1.953,-1.831,21.729
-0.836,0.419,0.401,0.671,-2.563,21.545
-0.831,0.405,0.403,-0.916,-3.235,21.179
-0.834,0.394,0.402,-1.770,-3.967,20.630
-0.838,0.382,0.397,-2.136,-4.761,20.142
-0.837,0.372,0.388,-2.747,-5.676,19.714
-0.835,0.364,0.376,-4.028,-6.470,19.104
-0.834,0.361,0.362,-5.798,-6.897,18.311
-0.832,0.360,0.346,-6.897,-7.080,17.456
-0.831,0.358,0.331,-7.507,-7.141,16.418
-0.828,0.360,0.321,-8.057,-6.775,14.954
-0.828,0.359,0.314,-9.094,-6.348,13.550
-0.826,0.359,0.303,-10.559,-5.920,12.146
-0.827,0.368,0.293,-12.207,-5.432,10.315
-0.822,0.389,0.281,-13.672,-4.883,8.240
-0.818,0.415,0.273,-14.221,-4.456,6.348
-0.813,0.437,0.268,-13.489,-4.395,5.310
-0.808,0.454,0.270,-11.536,-4.333,5.005
-0.807,0.462,0.277,-8.057,-4.639,5.249
-0.805,0.464,0.285,-3.662,-4.761,5.554
-0.806,0.458,0.291,-0.305,-5.249,5.981
-0.810,0.449,0.288,1.526,-5.676,6.348
-0.820,0.435,0.278,1.526,-5.432,6.287
-0.829,0.426,0.262,0.793,-5.249,5.798
-0.836,0.418,0.250,-0.244,-4.578,5.005
-0.841,0.413,0.247,-0.854,-3.662,4.089
-0.844,0.411,0.246,-0.488,-3.052,2.930
-0.843,0.409,0.247,0.671,-2.686,2.014
-0.844,0.408,0.243,1.587,-2.563,1.465
-0.844,0.415,0.240,2.686,-2.380,0.854
-0.847,0.420,0.238,4.150,-2.380,0.366
-0.851,0.424,0.237,4.700,-1.892,0.061
-0.855,0.425,0.239,4.456,-1.160,0.000
-0.857,0.423,0.245,4.089,0.061,-0.061
-0.856,0.418,0.255,3.662,1.038,-0.122
-0.850,0.414,0.269,3.418,1.770,-0.610
-0.842,0.412,0.282,2.808,2.502,-1.282
-0.835,0.420,0.293,1.526,3.357,-2.014
-0.830,0.426,0.302,0.488,3.723,-2.747
-0.823,0.440,0.309,0.122,3.601,-3.113
-0.821,0.456,0.308,1.099,2.991,-3.113
-0.817,0.465,0.309,2.808,1.770,-2.808
-0.813,0.469,0.314,4.822,1.099,-2.502
-0.815,0.473,0.315,5.920,0.916,-2.319
-0.814,0.474,0.314,5.432,1.160,-2.075
-0.816,0.473,0.311,3.906,1.099,-1.587
-0.813,0.473,0.307,2.075,0.916,-1.465
-0.814,0.476,0.304,1.831,0.916,-1.282
-0.819,0.477,0.302,1.892,0.732,-0.977
-0.826,0.477,0.299,1.770,0.427,-0.366
-0.835,0.476,0.293,1.892,0.061,0.000
-0.842,0.479,0.289,2.197,0.000,0.366
#
-0.833,-1.600,0.303,-10.010,-38.818,176.880
-0.910,-1.714,0.225,-35.400,-38.208,156.494
-1.004,-1.863,0.137,-57.739,-33.875,141.113
-1.106,-2.049,0.069,-63.293,-29.480,128.296
-1.194,-2.253,0.025,-47.791,-26.794,113.953
-1.251,-2.439,0.007,-19.165,-26.428,95.032
-1.290,-2.570,-0.012,8.362,-26.855,69.885
-1.302,-2.645,-0.040,25.208,-25.513,38.757
-1.280,-2.601,-0.090,23.682,-19.470,3.906
-1.243,-2.465,-0.140,8.057,-8.484,-31.372
-1.185,-2.253,-0.164,-9.949,6.348,-65.063
-1.104,-2.026,-0.168,-20.447,23.437,-93.201
-1.027,-1.802,-0.135,-21.545,38.513,-115.356
-0.942,-1.594,-0.092,-14.099,57.678,-142.273
-0.795,-1.249,0.057,11.658,61.707,-149.292
-0.737,-1.119,0.147,23.437,62.195,-153.809
-0.689,-1.005,0.244,32.410,59.692,-158.142
-0.632,-0.873,0.346,38.696,54.871,-163.391
-0.585,-0.729,0.449,45.532,48.889,-169.373
-0.545,-0.590,0.536,51.880,43.335,-174.988
-0.519,-0.457,0.623,56.824,38.696,-179.932
-0.500,-0.334,0.703,60.059,34.973,-183.594
-0.472,-0.215,0.764,62.195,32.166,-186.279
-0.438,-0.094,0.806,62.195,28.381,-188.660
-0.417,0.036,0.826,59.143,23.926,-191.589
-0.405,0.161,0.815,52.429,18.860,-194.092
-0.391,0.268,0.788,43.945,14.282,-195.679
-0.383,0.369,0.745,36.377,10.437,-195.801
-0.356,0.474,0.690,33.447,6.409,-194.641
-0.339,0.580,0.650,35.034,1.953,-192.261
-0.315,0.685,0.599,39.612,-1.953,-188.293
-0.290,0.796,0.550,43.640,-5.371,-183.594
-0.274,0.912,0.497,44.861,-8.301,-178.650
-0.276,1.020,0.433,41.077,-9.888,-172.485
-0.279,1.117,0.369,33.813,-9.644,-164.246
-0.277,1.206,0.313,26.550,-7.324,-154.724
-0.289,1.276,0.273,19.958,-3.357,-143.982
-0.323,1.318,0.252,14.404,0.854,-131.714
-0.351,1.330,0.244,11.963,4.700,-117.737
-0.383,1.340,0.257,15.381,6.470,-102.783
-0.415,1.333,0.272,26.001,4.578,-87.830
-0.448,1.305,0.282,38.757,-0.244,-72.937
-0.485,1.260,0.287,47.974,-5.005,-58.777
-0.525,1.205,0.282,51.147,-8.362,-46.021
-0.569,1.153,0.269,48.950,-9.338,-20.020
-0.612,1.101,0.256,42.419,-7.385,-27.222
-0.650,1.045,0.252,32.959,12.634,-15.930
-0.701,0.940,0.265,11.658,9.033,-12.512
-0.717,0.889,0.288,2.930,15.320,-10.132
-0.729,0.847,0.317,-2.014,19.958,-8.118
-0.747,0.804,0.346,-2.869,20.935,-6.287
-0.759,0.763,0.368,-0.916,19.714,-4.150
-0.763,0.729,0.384,2.380,17.151,-2.319
-0.760,0.701,0.391,5.066,14.465,-0.916
-0.756,0.679,0.392,4.456,12.207,0.183
-0.754,0.666,0.393,0.244,10.925,0.732
-0.756,0.661,0.391,-6.042,10.010,1.160
-0.770,0.659,0.394,-12.390,10.254,1.648
-0.780,0.643,0.395,-16.602,10.681,3.113
-0.781,0.624,0.405,-17.944,11.292,5.371
-0.786,0.600,0.419,-16.113,11.108,7.690
-0.790,0.568,0.429,-12.817,9.705,9.888
-0.791,0.538,0.436,-8.728,7.751,11.780
-0.790,0.519,0.439,-4.395,5.615,12.695
-0.796,0.504,0.433,-0.732,2.991,13.184
-0.803,0.488,0.429,0.732,0.977,13.916
-0.809,0.465,0.426,0.427,0.122,14.832
-0.812,0.438,0.429,-0.793,0.122,15.442
-0.817,0.416,0.433,-2.075,0.488,15.503
-0.820,0.398,0.438,-3.418,0.916,15.137
-0.821,0.385,0.437,-5.493,0.916,14.587
-0.817,0.379,0.428,-8.606,0.916,13.672
-0.813,0.382,0.415,-12.390,1.221,12.634
-0.803,0.397,0.402,-15.320,1.526,11.658
-0.797,0.416,0.388,-16.602,1.404,10.986
-0.796,0.427,0.383,-15.869,1.099,11.047
-0.797,0.428,0.379,-13.855,0.427,11.902
-0.797,0.422,0.378,-11.963,-0.366,12.756
-0.797,0.420,0.377,-10.315,-0.854,13.123
-0.798,0.422,0.376,-9.827,-1.221,13.062
-0.802,0.422,0.372,-10.864,-1.160,12.878
-0.803,0.422,0.365,-12.329,-1.099,12.817
-0.805,0.422,0.358,-12.817,-0.854,12.695
-0.813,0.419,0.358,-12.878,-0.854,12.329
-0.823,0.409,0.358,-11.658,-0.977,12.146
-0.825,0.401,0.355,-8.911,-1.526,11.902
-0.831,0.394,0.349,-5.188,-2.625,11.353
-0.835,0.386,0.341,-1.221,-4.272,10.437
-0.837,0.380,0.330,1.404,-5.127,9.460
-0.842,0.376,0.324,2.197,-4.944,8.301
-0.843,0.375,0.322,2.319,-3.845,6.714
-0.841,0.376,0.323,1.892,-2.441,5.127
-0.839,0.379,0.326,1.160,-1.526,3.540
-0.831,0.385,0.326,-0.183,-0.916,2.319
-0.828,0.396,0.329,-1.038,-0.183,1.404
-0.824,0.403,0.329,-1.587,0.061,0.061
-0.823,0.422,0.329,-0.549,0.122,-0.122
-0.823,0.423,0.331,1.099,-0.244,0.000
-0.822,0.419,0.335,2.441,-0.244,0.549
-0.823,0.412,0.343,3.479,-0.122,0.732
-0.818,0.411,0.347,3.662,-0.244,0.610
-0.814,0.418,0.354,3.662,0.000,-0.183
-0.813,0.424,0.354,2.625,0.183,-0.916
-0.814,0.430,0.353,0.793,0.610,-1.099
-0.816,0.435,0.353,-0.732,1.221,-0.854
-0.814,0.435,0.355,-0.732,1.770,-0.732
-0.812,0.437,0.359,-0.122,1.953,-0.916
-0.812,0.437,0.360,0.427,1.831,-0.916
-0.815,0.433,0.364,0.793,1.587,-0.610
-0.816,0.433,0.366,1.770,0.854,-0.427
-0.817,0.432,0.367,3.296,0.061,-0.671
-0.818,0.434,0.367,3.906,-0.244,-0.732
-0.819,0.435,0.363,2.441,-0.427,-0.854
-0.819,0.438,0.360,0.061,0.244,-1.038
-0.821,0.441,0.359,-1.892,1.038,-1.404
-0.819,0.446,0.357,-2.625,1.648,-1.526
-0.816,0.454,0.352,-2.930,1.648,-1.587
-0.817,0.460,0.346,-2.808,1.526,-1.465
-0.818,0.462,0.340,-3.296,1.587,-0.977
#
-0.638,-1.889,0.556,7.263,-40.039,255.737
-0.704,-2.126,0.448,5.493,-50.781,233.643
-0.786,-2.322,0.317,-8.423,-57.800,208.435
-0.904,-2.546,0.155,-26.367,-61.157,186.646
-1.031,-2.792,-0.014,-36.072,-62.378,167.603
-1.155,-3.011,-0.169,-29.724,-63.354,145.874
-1.257,-3.169,-0.304,-9.949,-63.660,117.859
-1.311,-3.253,-0.420,13.062,-59.875,83.801
-1.315,-3.246,-0.515,29.602,-50.598,45.166
-1.304,-3.113,-0.559,33.081,-34.424,5.127
-1.246,-2.932,-0.580,29.968,-10.071,-33.203
-1.165,-2.665,-0.549,24.780,42.358,-103.149
-0.989,-2.130,-0.387,27.527,65.491,-128.357
-0.892,-1.892,-0.276,36.804,84.595,-147.644
-0.793,-1.670,-0.160,48.584,98.511,-162.842
-0.693,-1.465,-0.032,59.143,108.521,-175.049
-0.589,-1.259,0.116,65.979,115.417,-185.791
-0.486,-1.053,0.300,66.833,118.286,-195.862
-0.379,-0.812,0.520,62.500,117.554,-205.322
-0.296,-0.556,0.714,57.861,113.037,-214.661
-0.150,-0.352,0.951,53.284,106.384,-223.206
-0.072,-0.083,1.089,44.556,93.750,-232.178
0.000,0.184,1.172,30.457,79.163,-237.915
0.036,0.434,1.155,15.930,62.195,-240.723
0.048,0.671,1.068,1.160,45.410,-241.455
0.040,0.873,0.942,-12.146,31.738,-238.586
0.019,1.025,0.810,-23.743,22.766,-231.750
-0.013,1.158,0.690,-30.151,18.738,-221.008
-0.054,1.258,0.616,-27.832,18.188,-207.520
-0.078,1.325,0.594,-17.456,18.799,-191.895
-0.095,1.395,0.613,-0.916,19.165,-175.049
-0.112,1.427,0.639,20.935,16.907,-158.447
-0.138,1.426,0.667,40.588,11.963,-142.212
-0.174,1.404,0.674,50.537,6.287,-126.770
-0.217,1.356,0.659,50.293,0.916,-112.183
-0.283,1.310,0.639,42.358,-2.319,-99.304
-0.357,1.262,0.589,31.006,-4.761,-87.769
-0.421,1.217,0.528,19.714,-6.470,-77.637
-0.487,1.171,0.480,9.644,-6.653,-68.970
-0.553,1.127,0.441,1.709,-5.981,-60.913
-0.598,1.094,0.409,-3.052,-5.127,-53.467
-0.636,1.060,0.386,-2.808,-5.249,-45.715
-0.670,1.024,0.378,1.038,-5.981,-37.598
-0.689,0.984,0.372,6.958,-7.812,-29.541
-0.713,0.938,0.374,12.939,-10.193,-21.667
-0.742,0.886,0.375,16.602,-12.634,-14.282
-0.769,0.818,0.370,16.785,-13.306,-7.385
-0.801,0.753,0.381,14.526,-12.085,-2.380
-0.816,0.685,0.388,11.108,-10.681,0.427
-0.826,0.638,0.399,7.202,-8.179,1.465
-0.832,0.609,0.408,3.052,-5.676,1.038
-0.834,0.587,0.418,-0.793,-3.601,-0.122
-0.835,0.569,0.421,-4.089,-1.892,-0.977
-0.837,0.553,0.428,-5.371,-1.099,-1.099
-0.834,0.539,0.435,-5.859,-0.793,-0.488
-0.824,0.525,0.444,-5.676,-1.038,0.916
-0.816,0.512,0.455,-5.676,-1.587,2.441
-0.814,0.497,0.468,-6.470,-2.686,4.028
-0.809,0.479,0.473,-7.385,-3.967,5.615
-0.807,0.462,0.477,-8.484,-5.005,6.836
-0.804,0.443,0.476,-9.399,-5.676,7.141
-0.804,0.434,0.474,-10.254,-5.615,7.080
-0.794,0.415,0.464,-12.512,-6.104,6.531
-0.792,0.401,0.456,-11.719,-6.531,5.981
-0.792,0.390,0.447,-9.705,-6.958,5.676
-0.793,0.381,0.437,-6.958,-7.812,5.127
-0.794,0.376,0.430,-4.333,-8.789,4.761
-0.796,0.373,0.425,-2.930,-9.277,4.456
-0.793,0.370,0.420,-2.930,-9.338,4.639
-0.795,0.371,0.416,-4.028,-8.911,4.456
-0.797,0.367,0.406,-6.165,-8.362,4.395
-0.795,0.364,0.395,-8.789,-7.751,4.395
-0.794,0.367,0.387,-10.986,-7.019,3.662
-0.793,0.375,0.377,-12.451,-6.348,2.869
-0.788,0.391,0.366,-13.611,-5.737,2.014
-0.785,0.415,0.361,-14.893,-5.005,1.343
-0.778,0.437,0.356,-15.686,-3.967,1.160
-0.776,0.452,0.349,-16.907,-4.089,1.282
-0.773,0.472,0.341,-17.700,-4.395,1.831
-0.774,0.483,0.333,-17.456,-4.333,2.686
-0.776,0.485,0.326,-16.418,-4.456,3.662
-0.780,0.483,0.328,-15.015,-4.211,4.822
-0.785,0.474,0.328,-13.428,-3.967,5.737
-0.792,0.465,0.335,-11.963,-3.723,6.592
-0.806,0.443,0.354,-8.667,-3.784,6.592
-0.812,0.429,0.362,-6.897,-4.272,6.409
-0.819,0.418,0.368,-4.639,-4.761,5.859
-0.827,0.408,0.367,-2.258,-5.310,5.188
-0.832,0.398,0.363,-0.549,-5.859,4.395
-0.835,0.392,0.356,0.183,-5.859,3.418
-0.837,0.390,0.348,-0.244,-5.554,2.502
-0.840,0.392,0.343,-1.160,-4.822,1.526
-0.841,0.396,0.341,-1.587,-4.028,0.732
-0.835,0.401,0.341,-1.404,-3.174,-0.183
-0.830,0.409,0.345,-1.160,-2.686,-0.916
-0.825,0.419,0.346,-1.038,-2.319,-1.465
-0.820,0.425,0.348,-0.793,-1.892,-1.648
-0.812,0.432,0.345,-0.549,-1.892,-1.831
-0.803,0.441,0.343,-0.366,-1.953,-1.892
-0.800,0.449,0.338,0.000,-2.014,-1.892
-0.799,0.456,0.340,-0.366,-2.136,-1.648
-0.794,0.455,0.340,-0.183,-2.136,-1.099
-0.794,0.453,0.348,1.160,-2.075,-0.732
-0.796,0.450,0.348,2.991,-2.563,-0.244
-0.800,0.448,0.349,4.028,-2.869,0.244
-0.803,0.442,0.347,3.845,-2.747,0.793
-0.808,0.438,0.347,2.869,-2.258,1.038
-0.813,0.435,0.347,2.197,-1.526,0.793
-0.817,0.436,0.347,1.587,-1.160,-0.366
-0.814,0.435,0.351,1.221,-0.671,-0.549
-0.811,0.435,0.356,2.136,-0.854,-0.549
-0.813,0.433,0.362,2.991,-1.221,-0.610
-0.812,0.429,0.366,3.113,-1.587,-0.549
-0.815,0.428,0.365,2.869,-1.770,-0.610
-0.816,0.434,0.359,2.319,-1.953,-0.916
-0.815,0.443,0.349,1.587,-1.892,-1.038
-0.815,0.453,0.340,0.610,-1.526,-1.038
-0.816,0.462,0.333,-0.488,-0.977,-0.916
-0.816,0.466,0.327,-1.465,0.122,-0.488
#
-0.846,-2.250,0.263,-38.452,-40.466,225.098
-0.961,-2.647,0.225,-2.197,-50.110,209.961
-1.064,-2.962,0.166,32.837,-60.547,182.617
-1.182,-3.149,0.071,51.697,-68.237,141.479
-1.249,-3.187,-0.047,43.091,-68.054,93.140
-1.296,-3.105,-0.193,10.132,-56.885,43.762
-1.289,-2.920,-0.307,-27.588,-37.903,0.427
-1.253,-2.683,-0.367,-52.124,-15.076,-38.696
-1.164,-2.416,-0.362,-55.298,7.385,-72.449
-1.052,-2.139,-0.304,-41.260,28.076,-99.548
-0.937,-1.887,-0.224,-18.982,45.105,-120.239
-0.839,-1.672,-0.144,1.343,57.373,-134.460
-0.751,-1.496,-0.058,16.785,65.491,-143.005
-0.688,-1.357,0.032,29.175,68.726,-147.522
-0.639,-1.252,0.139,39.246,66.711,-150.574
-0.613,-1.182,0.268,47.180,60.059,-156.067
-0.592,-1.043,0.483,60.120,39.429,-163.513
-0.580,-0.907,0.573,67.139,31.067,-174.988
-0.548,-0.726,0.643,71.655,26.794,-188.049
-0.504,-0.522,0.691,68.848,25.879,-200.317
-0.454,-0.323,0.715,58.777,26.245,-209.961
-0.401,-0.140,0.719,45.105,26.672,-216.919
-0.377,0.018,0.707,31.738,26.306,-221.069
-0.338,0.150,0.685,21.057,25.818,-223.145
-0.288,0.272,0.668,15.503,26.367,-223.999
-0.251,0.403,0.641,13.672,25.635,-224.365
-0.217,0.536,0.593,13.367,22.888,-223.328
-0.197,0.670,0.541,12.817,18.433,-221.008
-0.186,0.806,0.499,12.878,14.404,-217.285
-0.167,0.933,0.460,14.038,11.414,-211.487
-0.163,1.040,0.426,16.602,8.179,-204.102
-0.176,1.108,0.383,16.357,5.615,-194.702
-0.201,1.150,0.341,11.841,4.883,-183.960
-0.223,1.188,0.298,6.165,5.066,-172.852
-0.256,1.222,0.260,2.930,5.554,-161.987
-0.280,1.259,0.227,2.258,4.700,-150.879
-0.303,1.301,0.206,5.127,2.686,-139.343
-0.335,1.336,0.191,11.658,0.122,-126.587
-0.371,1.351,0.181,19.287,-2.380,-111.938
-0.403,1.346,0.177,26.306,-4.761,-95.886
-0.431,1.318,0.180,31.555,-5.859,-80.078
-0.473,1.269,0.179,33.447,-6.287,-65.491
-0.512,1.224,0.172,33.508,-6.470,-53.345
-0.545,1.188,0.163,32.166,-5.920,-44.556
-0.584,1.152,0.156,28.625,-4.211,-37.231
-0.618,1.113,0.151,22.888,-1.526,-30.518
-0.648,1.064,0.158,17.029,2.625,-18.738
-0.685,0.954,0.202,8.118,13.245,-14.404
-0.684,0.929,0.228,6.042,15.869,-11.047
-0.681,0.928,0.250,3.967,17.212,-8.423
-0.691,0.937,0.285,0.244,17.395,-5.066
-0.703,0.919,0.299,-4.700,15.564,-0.122
-0.719,0.887,0.317,-7.507,13.367,5.554
-0.735,0.838,0.330,-6.226,10.559,10.925
-0.745,0.793,0.344,-2.258,8.179,15.503
-0.757,0.741,0.361,2.991,5.859,18.799
-0.761,0.681,0.380,7.690,4.272,20.630
-0.767,0.634,0.389,10.193,3.479,20.569
-0.773,0.603,0.387,8.850,2.869,19.470
-0.779,0.587,0.382,4.639,3.235,17.944
-0.793,0.575,0.383,-0.854,4.578,16.907
-0.807,0.555,0.395,-5.554,6.165,17.456
-0.816,0.525,0.415,-7.263,7.080,19.043
-0.818,0.497,0.427,-6.226,6.042,20.630
-0.817,0.469,0.431,-3.845,3.052,22.278
-0.818,0.449,0.418,-2.686,-0.610,23.315
-0.818,0.436,0.393,-3.296,-3.296,23.621
-0.814,0.436,0.359,-5.920,-4.944,23.376
-0.811,0.449,0.323,-10.315,-4.822,21.790
-0.814,0.465,0.292,-14.343,-3.113,20.203
-0.814,0.475,0.277,-17.456,-0.793,19.470
-0.813,0.475,0.278,-18.799,2.075,19.531
-0.809,0.468,0.297,-17.883,4.761,20.020
-0.801,0.451,0.324,-15.137,6.287,20.691
-0.791,0.434,0.348,-11.597,6.226,21.057
-0.782,0.424,0.360,-9.155,4.700,20.874
-0.782,0.421,0.359,-8.789,2.197,19.775
-0.792,0.422,0.345,-9.277,-0.427,18.677
-0.802,0.427,0.323,-9.399,-2.258,17.578
-0.813,0.427,0.307,-8.606,-3.540,16.785
-0.825,0.421,0.298,-6.897,-3.540,16.052
-0.834,0.409,0.296,-5.188,-2.747,15.442
-0.839,0.395,0.303,-3.174,-1.465,14.465
-0.840,0.384,0.312,-1.282,-0.488,12.817
-0.841,0.379,0.318,0.183,0.244,10.620
-0.847,0.380,0.319,0.061,0.305,8.301
-0.853,0.385,0.311,-1.099,-0.183,6.470
-0.854,0.392,0.301,-2.014,-0.854,4.944
-0.857,0.396,0.293,-2.563,-1.038,3.723
-0.862,0.402,0.283,-2.686,-1.038,3.052
-0.861,0.408,0.278,-2.258,-0.916,2.563
-0.856,0.416,0.277,-1.465,-0.549,2.258
-0.848,0.423,0.279,-0.488,0.122,2.075
-0.838,0.427,0.281,0.488,0.427,2.136
-0.834,0.432,0.282,0.671,0.427,2.136
-0.836,0.434,0.280,0.732,0.671,2.319
-0.832,0.435,0.288,0.854,0.977,2.625
-0.830,0.434,0.296,1.709,1.526,2.563
-0.829,0.438,0.304,2.991,1.587,2.319
-0.826,0.434,0.303,3.235,1.038,2.136
-0.829,0.436,0.303,1.953,1.343,1.831
-0.831,0.432,0.305,0.122,2.197,1.587
-0.822,0.428,0.313,-1.099,3.479,0.732
-0.816,0.437,0.328,-0.671,4.822,-0.732
-0.813,0.456,0.343,1.587,5.249,-1.770
-0.810,0.471,0.356,6.165,2.136,-1.221
-0.813,0.467,0.349,5.920,0.305,-0.305
-0.817,0.463,0.337,4.822,-0.671,0.366
-0.825,0.462,0.320,3.479,-1.343,0.610
-0.835,0.463,0.305,2.502,-1.526,0.488
-0.842,0.457,0.293,1.465,-1.282,0.854
-0.847,0.452,0.289,0.671,-0.549,0.977
-0.847,0.451,0.297,0.549,0.671,0.732
-0.846,0.450,0.307,1.099,1.465,0.427
-0.842,0.449,0.315,1.465,1.587,0.183
-0.840,0.450,0.317,1.343,1.221,-0.183
-0.835,0.452,0.318,1.099,1.160,-0.122
-0.832,0.453,0.318,0.793,1.465,-0.122
-0.826,0.455,0.315,0.061,1.465,-0.183
#
-0.832,-1.933,0.260,-1.465,-41.992,200.623
-0.926,-2.112,0.161,-0.122,-48.401,174.011
-1.034,-2.252,0.026,-9.094,-52.612,144.775
-1.141,-2.358,-0.131,-25.940,-52.307,119.446
-1.232,-2.450,-0.285,-38.513,-47.729,97.168
-1.330,-2.515,-0.409,-35.889,-40.161,73.730
-1.358,-2.532,-0.489,-18.616,-30.273,49.133
-1.350,-2.513,-0.519,1.343,-17.700,-0.305
-1.240,-2.393,-0.459,21.362,15.808,-23.499
-1.176,-2.290,-0.380,22.217,34.790,-46.753
-1.090,-2.147,-0.285,23.071,51.758,-69.397
-1.016,-1.986,-0.179,24.841,65.430,-90.271
-0.953,-1.837,-0.076,27.344,74.219,-106.323
-0.900,-1.712,0.022,31.555,78.308,-117.615
-0.860,-1.611,0.125,39.917,78.125,-126.587
-0.821,-1.501,0.228,51.147,74.585,-136.047
-0.783,-1.376,0.333,60.852,69.214,-147.400
-0.729,-1.232,0.441,65.308,64.087,-159.485
-0.661,-1.062,0.556,64.148,60.486,-172.363
-0.582,-0.862,0.664,60.425,58.716,-185.913
-0.500,-0.645,0.753,55.664,53.833,-207.825
-0.346,-0.187,0.850,45.898,48.767,-214.172
-0.292,0.014,0.851,42.725,42.175,-216.736
-0.242,0.216,0.817,40.283,35.828,-216.309
-0.200,0.413,0.782,41.321,29.785,-214.600
-0.189,0.556,0.723,43.701,23.743,-209.961
-0.167,0.668,0.653,43.579,19.470,-202.637
-0.159,0.759,0.606,40.833,18.433,-195.496
-0.154,0.828,0.584,34.546,19.836,-189.026
-0.134,0.910,0.597,26.672,23.132,-183.350
-0.108,1.023,0.622,22.156,26.184,-178.162
-0.101,1.135,0.644,24.902,26.306,-172.302
-0.107,1.213,0.664,28.503,23.682,-164.368
-0.120,1.259,0.673,28.625,20.142,-153.381
-0.152,1.268,0.673,25.452,16.113,-140.625
-0.183,1.257,0.654,20.569,11.414,-127.625
-0.224,1.250,0.626,16.418,5.981,-116.028
-0.269,1.254,0.584,13.672,-0.183,-105.347
-0.326,1.259,0.530,12.451,-6.409,-94.727
-0.386,1.247,0.472,10.498,-11.963,-83.435
-0.448,1.219,0.409,6.897,-15.503,-71.655
-0.505,1.184,0.345,3.540,-16.968,-60.120
-0.569,1.149,0.289,1.465,-17.517,-50.232
-0.629,1.111,0.245,0.916,-17.151,-41.504
-0.677,1.071,0.212,1.099,-15.381,-33.325
-0.713,1.023,0.193,1.221,-12.024,-25.879
-0.741,0.980,0.186,-0.061,-7.507,-19.897
-0.760,0.945,0.194,-2.686,-2.441,-15.625
-0.776,0.915,0.213,-5.005,2.380,-11.963
-0.787,0.881,0.233,-6.104,7.324,-8.423
-0.800,0.845,0.278,-5.005,11.292,-4.700
-0.806,0.796,0.325,-2.197,13.000,-0.977
-0.807,0.753,0.371,0.366,13.123,2.808
-0.801,0.725,0.406,0.549,11.230,6.104
-0.794,0.693,0.423,-1.526,7.812,9.338
-0.801,0.670,0.425,-5.127,4.822,11.719
-0.804,0.641,0.414,-8.484,1.709,14.038
-0.803,0.616,0.406,-10.620,-0.061,15.747
-0.807,0.593,0.401,-9.705,-1.038,16.785
-0.809,0.559,0.406,-7.202,-1.465,17.151
-0.813,0.529,0.418,-3.723,-1.343,16.541
-0.821,0.500,0.431,-0.488,-1.160,15.747
-0.827,0.470,0.440,0.916,-1.343,15.259
-0.832,0.440,0.447,0.061,-2.075,15.381
-0.835,0.410,0.445,-1.160,-3.418,15.686
-0.832,0.389,0.436,-2.625,-5.005,15.503
-0.830,0.382,0.421,-3.967,-6.042,14.648
-0.835,0.379,0.404,-5.981,-6.653,13.916
-0.835,0.380,0.380,-8.789,-6.592,13.123
-0.838,0.388,0.353,-11.597,-6.042,12.695
-0.839,0.397,0.331,-13.672,-4.883,12.939
-0.844,0.393,0.320,-14.771,-2.136,13.794
-0.841,0.381,0.326,-12.756,-1.404,14.404
-0.839,0.370,0.337,-10.193,-1.526,14.771
-0.832,0.361,0.340,-8.728,-2.075,14.587
-0.828,0.354,0.341,-8.057,-2.747,14.038
-0.821,0.354,0.336,-8.240,-3.601,12.878
-0.817,0.358,0.326,-8.362,-4.639,11.169
-0.815,0.372,0.313,-8.667,-5.676,9.216
-0.811,0.388,0.304,-8.545,-5.981,7.202
-0.808,0.407,0.301,-8.423,-5.066,5.371
-0.805,0.425,0.303,-7.385,-3.418,3.784
-0.805,0.438,0.311,-6.409,-2.014,2.686
-0.802,0.440,0.325,-5.005,-0.854,2.197
-0.801,0.434,0.341,-3.296,0.244,2.136
-0.803,0.425,0.349,-1.465,0.488,1.770
-0.808,0.422,0.350,0.061,0.000,1.404
-0.810,0.418,0.340,0.549,-0.732,1.099
-0.818,0.421,0.328,-0.061,-1.404,0.916
-0.824,0.431,0.312,-0.671,-1.953,0.671
-0.827,0.444,0.300,-0.366,-2.075,0.305
-0.824,0.451,0.291,0.610,-2.014,0.244
-0.824,0.455,0.290,1.221,-1.465,0.305
-0.821,0.453,0.292,1.343,-0.427,0.549
-0.818,0.452,0.298,0.610,0.732,0.488
-0.815,0.452,0.306,-0.244,2.075,0.549
-0.813,0.450,0.311,-1.221,3.174,0.854
-0.820,0.446,0.318,-2.136,3.967,1.404
-0.828,0.439,0.325,-2.930,4.089,2.014
-0.828,0.428,0.332,-2.014,3.540,2.563
-0.826,0.422,0.335,0.366,2.197,2.991
-0.827,0.418,0.338,2.930,0.916,3.113
-0.826,0.410,0.335,3.784,0.000,3.052
-0.827,0.402,0.336,2.441,0.366,3.052
-0.828,0.401,0.341,1.038,1.099,2.319
-0.823,0.408,0.348,1.526,2.136,0.793
-0.819,0.420,0.354,2.441,2.686,-0.488
-0.821,0.432,0.358,3.052,2.625,-1.099
-0.822,0.435,0.358,2.319,2.441,-0.854
-0.818,0.434,0.356,1.099,2.075,-0.488
-0.816,0.432,0.356,0.305,1.892,-0.244
-0.811,0.437,0.352,0.732,1.526,-0.061
-0.810,0.442,0.347,1.404,0.732,0.244
-0.812,0.445,0.340,1.587,0.122,0.671
-0.816,0.442,0.334,0.977,-0.061,1.404
-0.818,0.442,0.325,0.366,0.000,1.953
-0.820,0.446,0.319,0.610,0.122,1.892
-0.825,0.450,0.318,1.160,0.732,2.014
-0.829,0.444,0.320,0.977,1.709,2.686
#